老磊,0-9技,10-19技,20-29技,30-39技,40-49技,50-59技,60-69技,70-79技,80技捞惑
2020-01-20,-,-,-,1,-,-,-,-,-
2020-01-21,-,-,-,-,-,-,-,-,-
2020-01-22,-,-,-,-,-,-,-,-,-
2020-01-23,-,-,-,-,-,-,-,-,-
2020-01-24,-,-,-,-,-,1,-,-,-
2020-01-25,-,-,-,-,-,-,-,-,-
2020-01-26,-,-,-,-,-,1,-,-,-
2020-01-27,-,-,-,-,-,1,-,-,-
2020-01-28,-,-,-,-,-,-,-,-,-
2020-01-29,-,-,-,-,-,-,-,-,-
2020-01-30,-,-,1,1,-,1,-,-,-
2020-01-31,-,-,2,-,-,1,1,-,-
2020-02-01,-,-,-,-,1,-,-,-,-
2020-02-02,-,-,1,-,2,-,-,-,-
2020-02-03,-,-,-,-,-,-,-,-,-
2020-02-04,-,-,-,-,1,-,-,-,-
2020-02-05,-,-,1,2,1,1,-,-,-
2020-02-06,-,-,1,-,1,1,-,-,-
2020-02-07,-,-,-,-,-,-,-,-,-
2020-02-08,-,-,-,-,-,-,-,-,-
2020-02-09,-,-,-,1,-,1,-,1,-
2020-02-10,-,-,-,1,-,-,-,-,-
2020-02-11,-,-,-,-,-,-,-,-,-
2020-02-12,-,-,-,-,-,-,-,-,-
2020-02-13,-,-,-,-,-,-,-,-,-
2020-02-14,-,-,-,-,-,-,-,-,-
2020-02-15,-,-,-,-,-,-,-,-,-
2020-02-16,-,-,-,-,-,-,1,-,1
2020-02-17,-,-,-,-,-,-,-,-,-
2020-02-18,-,1,-,-,-,-,1,-,-
2020-02-19,-,-,8,3,4,11,4,4,-
2020-02-20,-,1,4,3,2,4,2,-,-
2020-02-21,-,1,16,7,17,16,10,6,1
2020-02-22,-,5,24,19,28,59,47,7,1
2020-02-23,1,4,53,21,37,51,30,10,3
2020-02-24,1,6,46,34,32,49,28,9,2
2020-02-25,-,6,38,19,20,26,17,3,1
2020-02-26,1,7,78,32,32,43,43,12,5
2020-02-27,6,20,167,49,59,80,42,21,5
2020-02-28,4,24,114,59,66,87,44,19,10
2020-02-29,6,24,302,108,134,149,120,41,25
2020-03-01,7,42,200,66,81,103,63,24,9
2020-03-02,5,29,181,82,113,146,82,33,15
2020-03-03,3,37,179,73,81,118,65,32,12
2020-03-04,-,29,158,53,79,100,47,35,15
2020-03-05,4,25,154,27,54,74,53,30,17
2020-03-06,7,35,148,33,43,89,65,54,44
2020-03-07,7,34,154,33,54,70,65,43,23
2020-03-08,6,33,103,32,34,64,48,26,21
2020-03-09,8,18,60,18,30,42,38,29,5
2020-03-10,1,12,21,11,25,26,13,16,6
2020-03-11,8,12,25,15,52,56,31,29,14
2020-03-12,1,7,21,8,18,25,12,14,8
2020-03-13,1,9,13,12,16,28,13,9,9
2020-03-14,4,3,15,10,16,27,15,9,8
2020-03-15,2,3,12,9,9,17,12,10,2
2020-03-16,2,5,13,7,6,17,12,5,7
2020-03-17,1,4,17,7,17,16,10,8,4
2020-03-18,1,2,12,17,7,14,25,3,12
2020-03-19,5,5,16,13,10,27,21,20,35
2020-03-20,6,8,7,7,12,14,19,6,8
2020-03-21,1,6,15,7,10,16,19,21,52
2020-03-22,2,3,16,9,19,19,13,6,11
2020-03-23,2,-,21,8,7,11,7,4,4
2020-03-24,3,7,22,3,6,14,7,9,5
2020-03-25,-,7,34,23,12,7,9,3,5
2020-03-26,1,13,35,12,6,14,8,5,10
2020-03-27,2,8,24,5,4,14,8,14,12
2020-03-28,1,5,34,19,22,28,31,2,4
2020-03-29,2,7,35,15,14,19,8,3,2
2020-03-30,1,5,28,9,5,14,8,5,3
2020-03-31,-,3,25,10,16,37,18,11,5
2020-04-01,3,4,28,14,11,14,10,7,10
2020-04-02,3,3,22,16,11,15,12,5,2
2020-04-03,2,6,30,9,13,9,9,5,3
2020-04-04,1,2,27,14,8,10,17,10,5
2020-04-05,2,5,28,17,12,6,7,3,1
2020-04-06,2,7,15,3,5,2,5,5,3
2020-04-07,-,2,15,6,7,3,10,3,1
2020-04-08,-,4,13,9,5,7,8,3,4
2020-04-09,2,4,12,7,7,1,3,-,3
2020-04-10,1,1,7,5,2,4,4,2,1
2020-04-11,1,5,6,2,2,6,7,-,1
2020-04-12,-,3,12,5,2,4,3,3,-
2020-04-13,2,1,9,3,1,2,5,1,1
2020-04-14,-,3,7,4,4,3,3,2,1
2020-04-15,-,4,10,4,3,2,1,2,1
2020-04-16,3,3,5,1,2,3,2,1,2
2020-04-17,1,4,9,3,1,2,1,1,-
2020-04-18,2,-,9,1,1,2,1,1,1
2020-04-19,-,2,3,1,-,1,-,-,1
2020-04-20,-,3,5,2,-,3,-,-,-
2020-04-21,-,2,1,-,1,3,-,1,1
2020-04-22,-,1,3,1,4,-,1,1,-
2020-04-23,-,1,2,1,1,1,-,1,1
2020-04-24,-,1,1,1,-,1,1,-,1
2020-04-25,1,1,3,1,2,-,2,-,-
2020-04-26,1,-,3,5,1,-,-,-,-
2020-04-27,-,2,3,4,1,-,-,-,-
2020-04-28,-,2,5,2,1,2,1,1,-
2020-04-29,-,-,3,2,3,1,-,-,-
2020-04-30,-,-,1,2,1,-,-,-,-
2020-05-01,-,-,5,1,2,-,-,-,1
2020-05-02,-,-,3,1,1,-,1,-,-
2020-05-03,-,1,2,3,2,-,2,1,2
2020-05-04,-,-,2,1,3,-,2,-,-
2020-05-05,-,-,-,1,1,1,-,-,-
2020-05-06,-,-,-,1,-,-,1,-,-
2020-05-07,-,1,2,1,-,-,-,-,-
2020-05-08,1,-,1,7,2,-,1,-,-
2020-05-09,-,2,12,3,-,1,-,-,-
2020-05-10,-,3,19,3,4,2,2,1,-
2020-05-11,-,1,21,8,4,-,1,-,-
2020-05-12,1,4,10,6,2,3,-,-,1
2020-05-13,1,1,13,5,2,1,1,1,1
2020-05-14,-,11,14,3,1,-,-,-,-
2020-05-15,2,3,11,4,2,1,2,2,-
2020-05-16,2,2,7,3,1,1,3,-,-
2020-05-17,-,1,5,2,3,1,-,1,-
2020-05-18,-,1,3,4,5,1,1,-,-
2020-05-19,1,-,5,-,-,3,3,1,-
2020-05-20,-,7,12,4,6,1,1,1,-
2020-05-21,-,4,3,2,3,-,-,-,-
2020-05-22,1,2,8,4,2,2,-,1,-
2020-05-23,-,1,2,6,1,9,3,-,1
2020-05-24,-,2,4,4,7,4,3,1,-
2020-05-25,-,1,3,3,2,5,2,-,-
2020-05-26,1,1,3,4,3,4,1,2,-
2020-05-27,3,2,8,6,3,6,8,3,1
2020-05-28,2,4,15,26,14,12,6,-,-
2020-05-29,1,6,12,9,10,9,8,-,3
2020-05-30,1,5,9,2,4,10,4,1,3
2020-05-31,-,-,9,7,4,6,1,-,-
2020-06-01,1,2,2,4,6,13,5,2,-
2020-06-02,-,2,5,3,2,9,11,5,1
2020-06-03,1,2,5,6,5,9,15,6,-
2020-06-04,1,1,5,3,2,10,9,6,2
2020-06-05,1,1,5,2,4,6,10,7,3
2020-06-06,3,1,2,6,11,8,9,8,3
2020-06-07,1,6,3,6,8,11,12,8,2
2020-06-08,1,1,5,2,5,6,11,3,3
2020-06-09,-,-,3,2,4,10,9,5,5
2020-06-10,1,2,6,9,1,7,16,7,1
2020-06-11,1,3,6,10,4,10,5,5,1
2020-06-12,-,3,11,8,2,16,13,2,1
2020-06-13,-,2,9,1,3,9,8,6,10
2020-06-14,-,-,8,3,6,7,8,1,1
2020-06-15,2,-,5,5,11,6,4,3,1
2020-06-16,2,1,3,4,4,6,8,6,-
2020-06-17,2,1,8,14,2,7,3,5,1
2020-06-18,1,1,10,4,6,9,13,7,8
2020-06-19,-,2,8,9,3,12,11,3,1
2020-06-20,2,4,9,13,8,12,13,3,3
2020-06-21,-,1,5,10,5,8,10,6,3
2020-06-22,-,1,3,4,1,5,2,1,-
2020-06-23,3,-,5,9,9,8,7,4,1
2020-06-24,2,1,3,14,12,10,5,2,2
2020-06-25,1,2,1,9,2,6,5,2,-
2020-06-26,1,1,8,10,5,5,6,1,2
2020-06-27,1,2,14,10,6,5,7,4,2
2020-06-28,2,3,12,13,9,6,13,3,1
2020-06-29,3,1,9,5,6,5,12,1,-
2020-06-30,2,4,10,6,8,6,3,3,-
2020-07-01,-,2,4,12,2,17,6,7,1
2020-07-02,2,2,8,6,2,14,12,7,1
2020-07-03,1,10,10,10,6,7,10,4,3
2020-07-04,3,2,12,16,8,8,9,2,3
2020-07-05,3,3,8,9,11,7,14,6,-
2020-07-06,5,1,8,9,6,9,5,2,3
2020-07-07,1,2,11,7,7,7,7,2,-
2020-07-08,1,3,11,11,15,9,5,6,1
2020-07-09,2,4,11,7,11,10,3,1,1
2020-07-10,3,3,10,9,5,8,3,3,1
2020-07-11,1,-,8,6,2,8,2,4,4
2020-07-12,2,6,4,13,5,3,9,1,1
2020-07-13,3,4,18,15,9,4,5,3,1
2020-07-14,2,2,6,5,3,6,4,4,1
2020-07-15,1,1,4,8,9,9,7,-,-
2020-07-16,6,2,13,15,9,6,6,3,1
2020-07-17,3,1,9,14,14,8,6,3,2
2020-07-18,3,4,10,5,9,7,-,1,-
2020-07-19,3,2,4,9,3,4,6,2,1
2020-07-20,2,2,8,6,4,2,1,-,1
2020-07-21,1,1,12,8,3,5,3,8,4
2020-07-22,-,7,8,8,10,9,11,6,4
2020-07-23,-,4,19,3,8,12,9,4,-
2020-07-24,1,1,3,5,6,8,11,4,2
2020-07-25,1,1,13,38,34,14,8,2,2
2020-07-26,-,-,4,13,15,18,5,1,2
2020-07-27,1,1,5,8,3,-,2,4,1
2020-07-28,2,2,4,4,7,5,3,1,-
2020-07-29,-,1,6,16,11,5,4,5,-
2020-07-30,-,-,2,6,4,-,6,-,-
2020-07-31,1,-,5,13,8,4,3,1,1
2020-08-01,1,-,-,10,6,8,5,1,-
2020-08-02,2,-,5,7,8,4,2,1,1
2020-08-03,2,3,4,2,2,5,4,1,-
2020-08-04,4,5,6,5,6,4,2,-,2
2020-08-05,1,3,6,7,4,6,5,1,-
2020-08-06,-,4,13,3,3,8,9,3,-
2020-08-07,-,4,3,1,5,2,5,-,-
2020-08-08,1,1,7,4,4,10,13,3,-
2020-08-09,4,1,7,5,3,7,7,-,2
2020-08-10,-,-,4,3,3,4,13,1,-
2020-08-11,-,-,6,5,4,9,7,3,-
2020-08-12,1,7,4,11,12,12,2,3,2
2020-08-13,2,6,11,12,5,10,6,2,2
2020-08-14,4,10,14,17,16,19,15,6,2
2020-08-15,4,10,32,20,24,33,29,11,3
2020-08-16,3,23,39,28,35,58,56,31,6
2020-08-17,5,13,22,27,23,37,49,14,7
2020-08-18,5,18,17,27,27,62,66,22,2
2020-08-19,14,17,28,32,39,58,73,29,7
2020-08-20,12,35,31,35,32,55,47,30,11
2020-08-21,6,19,42,40,42,61,74,34,6
2020-08-22,11,19,55,40,48,66,56,34,3
2020-08-23,16,35,34,40,62,82,86,27,14
2020-08-24,9,13,30,35,39,48,52,24,16
2020-08-25,15,18,42,30,33,53,50,30,9
2020-08-26,13,13,37,47,42,60,57,34,17
2020-08-27,9,27,51,49,71,109,65,41,19
2020-08-28,16,18,32,49,52,71,65,48,20
2020-08-29,16,18,31,36,47,54,67,36,18
2020-08-30,10,12,44,39,38,55,72,21,8
2020-08-31,10,11,43,15,28,49,55,26,11
2020-09-01,14,17,25,24,24,46,45,30,10
2020-09-02,10,12,43,25,24,48,51,40,14
2020-09-03,7,7,22,21,29,36,34,22,17
2020-09-04,9,7,17,24,27,39,38,22,15
2020-09-05,3,6,14,19,19,38,42,18,9
2020-09-06,8,3,19,15,25,35,39,16,7
2020-09-07,3,5,13,17,16,22,21,20,2
2020-09-08,5,8,12,17,17,33,27,14,3
2020-09-09,6,8,8,16,15,29,46,22,6
2020-09-10,12,4,12,13,17,29,45,12,11
2020-09-11,3,3,22,19,22,34,40,16,17
2020-09-12,4,5,16,12,18,34,29,14,4
2020-09-13,4,3,24,14,11,19,30,12,4
2020-09-14,2,3,17,11,11,24,26,12,3
2020-09-15,6,8,8,10,18,18,25,11,2
2020-09-16,1,3,14,9,17,22,25,18,4
2020-09-17,5,8,25,11,20,36,27,17,4
2020-09-18,3,4,16,17,21,24,24,12,5
2020-09-19,1,5,6,7,9,35,26,15,6
2020-09-20,1,4,7,10,14,12,17,12,5
2020-09-21,1,4,18,10,6,13,9,9,-
2020-09-22,1,2,6,10,10,16,10,5,1
2020-09-23,4,4,9,10,14,23,19,22,5
2020-09-24,6,4,15,9,17,29,27,9,9
2020-09-25,5,3,12,14,15,19,22,14,10
2020-09-26,1,6,7,7,5,10,16,9,-
2020-09-27,-,4,14,16,12,19,20,7,3
2020-09-28,4,4,5,3,5,10,12,3,4
2020-09-29,2,2,8,7,7,5,4,-,3
2020-09-30,5,5,8,20,20,26,18,9,2
2020-10-01,6,4,7,9,14,13,13,7,4
2020-10-02,3,6,6,10,6,11,13,4,4
2020-10-03,1,1,6,13,11,11,16,13,3
2020-10-04,-,4,4,9,13,8,12,8,6
2020-10-05,-,3,17,9,8,12,14,6,4
2020-10-06,5,8,26,8,2,11,9,4,2
2020-10-07,1,2,8,13,10,28,31,16,5
2020-10-08,6,5,6,7,9,12,11,10,3
2020-10-09,1,11,8,7,6,5,10,4,2
2020-10-10,1,3,11,7,6,11,22,7,4
2020-10-11,4,-,11,14,8,6,6,6,3
2020-10-12,8,2,19,19,16,12,12,8,2
2020-10-13,5,7,18,15,17,10,11,7,1
2020-10-14,4,7,30,11,11,9,8,2,2
2020-10-15,5,3,16,11,11,8,14,11,31
2020-10-16,-,2,7,9,10,8,7,2,2
2020-10-17,2,2,6,15,5,20,17,2,4
2020-10-18,2,4,12,14,14,21,15,8,1
2020-10-19,2,3,13,7,15,13,7,7,9
2020-10-20,3,3,11,7,12,9,9,3,1
2020-10-21,1,4,12,10,18,15,14,5,10
2020-10-22,2,2,18,12,18,24,26,11,8
2020-10-23,2,11,10,18,21,26,26,13,28
2020-10-24,7,7,12,4,9,14,14,5,5
2020-10-25,5,7,10,8,11,9,6,1,4
2020-10-26,6,5,21,25,22,22,11,3,4
2020-10-27,2,7,12,9,14,23,13,4,4
2020-10-28,4,6,20,15,17,20,9,7,5
2020-10-29,11,8,13,23,14,18,24,10,4
2020-10-30,8,9,16,16,19,16,19,6,4
2020-10-31,7,5,21,22,18,26,8,10,10
2020-11-01,5,14,24,19,25,13,15,6,3
2020-11-02,7,9,9,13,19,10,18,8,4
2020-11-03,3,5,17,13,6,14,12,4,1
2020-11-04,2,3,18,25,11,20,23,10,5
2020-11-05,1,8,21,20,23,29,15,6,2
2020-11-06,9,7,24,24,26,28,13,9,5
2020-11-07,1,5,10,15,21,9,13,11,4
2020-11-08,3,4,9,26,22,22,24,24,9
2020-11-09,3,6,15,25,19,19,15,15,9
2020-11-10,3,9,21,13,11,14,15,9,5
2020-11-11,6,5,20,18,12,20,30,19,15
2020-11-12,6,13,26,23,22,25,15,9,4
2020-11-13,7,9,28,19,24,41,28,17,18
2020-11-14,12,14,36,32,29,36,32,7,7
2020-11-15,8,13,26,27,27,49,40,13,5
2020-11-16,5,12,37,27,29,40,53,15,4
2020-11-17,11,12,37,26,36,44,38,18,8
2020-11-18,4,16,44,38,51,51,40,20,21
2020-11-19,23,43,46,36,52,53,44,17,11
2020-11-20,11,35,63,48,53,55,43,28,12
2020-11-21,15,36,108,49,56,56,37,23,6
2020-11-22,17,20,65,47,64,56,32,18,11
2020-11-23,23,21,41,41,49,50,20,17,9
2020-11-24,16,17,66,53,60,62,43,25,7
2020-11-25,11,31,52,61,75,72,46,24,10
2020-11-26,21,57,125,81,93,95,72,28,9
2020-11-27,21,40,81,80,96,116,68,27,26
2020-11-28,13,38,74,77,95,78,82,30,16
2020-11-29,18,36,93,66,69,83,46,26,13
2020-11-30,16,54,60,54,58,87,59,24,26
2020-12-01,15,47,81,67,63,94,43,27,14
2020-12-02,19,43,85,89,79,98,57,23,18
2020-12-03,31,41,104,68,93,95,75,27,6
2020-12-04,25,46,101,80,89,119,93,43,32
2020-12-05,23,52,98,65,77,92,89,50,31
2020-12-06,22,30,72,90,73,123,111,68,42
2020-12-07,14,31,84,75,73,139,100,59,40
2020-12-08,20,35,72,71,81,111,89,55,53
2020-12-09,24,39,67,95,96,121,124,72,32
2020-12-10,37,53,80,111,92,110,114,53,30
2020-12-11,35,44,83,82,102,123,102,63,55
2020-12-12,52,86,97,113,143,174,148,69,68
2020-12-13,36,74,110,109,150,192,183,105,71
2020-12-14,31,54,99,75,119,138,107,49,46
2020-12-15,40,54,100,112,125,151,133,79,86
2020-12-16,45,69,153,104,142,215,191,91,68
2020-12-17,56,55,107,124,141,214,173,85,59
2020-12-18,40,66,123,131,134,227,186,91,66
2020-12-19,33,65,132,111,153,217,176,81,77
2020-12-20,47,71,137,142,153,233,187,79,47
2020-12-21,46,45,97,116,124,195,160,87,54
2020-12-22,31,56,104,104,124,179,131,86,51
2020-12-23,46,62,102,124,143,246,189,96,82
2020-12-24,36,69,128,136,133,183,171,75,54
2020-12-25,47,66,158,169,197,239,214,86,64
2020-12-26,47,80,128,148,178,209,171,89,81
2020-12-27,36,61,111,131,159,191,179,61,41
2020-12-28,35,50,76,113,120,172,129,62,49
2020-12-29,41,52,145,147,172,190,184,75,38
2020-12-30,39,57,116,112,163,198,204,92,69
2020-12-31,49,67,93,132,134,186,174,67,65
2021-01-01,41,74,129,145,154,204,159,80,41
2021-01-02,39,66,111,107,105,160,125,58,49
2021-01-03,32,46,81,77,89,125,117,52,38
2021-01-04,40,71,120,127,172,187,153,69,81
2021-01-05,45,42,101,103,114,128,110,45,26
2021-01-06,45,60,107,106,110,139,147,73,51
2021-01-07,41,55,122,120,155,176,115,58,27
2021-01-08,34,43,92,86,84,125,124,49,37
2021-01-09,32,50,100,91,89,124,80,50,25
2021-01-10,36,56,86,78,92,142,84,49,34
2021-01-11,19,36,47,54,61,79,80,44,31
2021-01-12,32,34,71,59,91,102,74,39,35
2021-01-13,24,28,66,81,82,129,88,47,16
2021-01-14,25,45,61,68,85,99,73,39,29
2021-01-15,42,37,62,70,80,97,91,22,11
2021-01-16,31,60,54,74,79,106,108,42,26
2021-01-17,27,30,74,73,82,87,70,38,39
2021-01-18,17,31,48,53,66,75,49,30,20
2021-01-19,22,27,52,58,72,73,43,31,8
2021-01-20,27,27,56,47,58,76,61,31,21
2021-01-21,15,27,46,49,53,85,61,40,24
2021-01-22,18,21,53,44,52,65,63,17,13
2021-01-23,21,30,49,59,59,85,62,43,23
2021-01-24,18,18,68,50,60,79,61,21,17
2021-01-25,14,138,44,42,46,72,51,17,13
2021-01-26,15,30,64,43,50,59,55,14,19
2021-01-27,42,97,67,72,85,79,68,26,23
2021-01-28,33,47,64,58,80,88,69,33,25
2021-01-29,22,39,47,53,74,88,73,30,43
2021-01-30,27,48,47,50,67,76,73,35,33
2021-01-31,17,20,46,49,45,74,57,20,26
2021-02-01,20,30,36,44,39,54,45,18,19
2021-02-02,9,30,50,37,52,70,55,19,14
2021-02-03,22,41,75,64,92,70,62,29,12
2021-02-04,27,27,50,64,76,75,69,37,26
2021-02-05,30,28,30,60,43,65,75,25,14
2021-02-06,25,31,51,40,60,77,63,30,13
2021-02-07,21,26,51,47,44,79,66,26,11
2021-02-08,19,9,33,32,53,52,59,22,9
2021-02-09,15,26,34,40,52,59,38,28,11
2021-02-10,22,53,53,68,70,84,54,30,10
2021-02-11,27,28,72,60,65,97,91,40,24
2021-02-12,20,30,44,64,47,76,72,38,12
2021-02-13,21,24,56,48,49,54,56,34,20
2021-02-14,20,21,49,41,40,52,52,39,12
2021-02-15,19,29,42,49,47,53,51,32,21
2021-02-16,25,31,65,76,78,73,67,27,15
2021-02-17,32,38,93,123,88,100,96,36,15
2021-02-18,37,30,82,127,78,124,96,28,19
2021-02-19,35,38,91,84,79,93,72,33,36
2021-02-20,35,28,59,74,69,69,68,27,19
2021-02-21,23,31,63,66,44,65,65,37,22
2021-02-22,22,30,57,48,28,54,55,23,15
2021-02-23,20,22,57,58,47,63,55,18,16
2021-02-24,21,30,71,70,65,70,62,34,17
2021-02-25,23,31,62,68,67,68,46,19,11
2021-02-26,13,27,55,66,54,76,62,22,12
2021-02-27,22,31,68,71,62,71,53,25,12
2021-02-28,13,29,48,43,55,78,51,25,13
2021-03-01,31,30,43,58,45,65,54,16,13
2021-03-02,30,29,49,59,52,56,39,19,11
2021-03-03,47,42,57,69,81,64,51,21,12
2021-03-04,12,44,66,79,73,73,46,20,11
2021-03-05,12,25,61,59,73,75,54,25,14
2021-03-06,21,28,85,64,65,65,58,23,9
2021-03-07,18,31,77,65,53,66,53,37,16
2021-03-08,19,33,51,57,48,67,42,24,5
2021-03-09,28,23,55,68,83,73,76,31,9
2021-03-10,26,39,57,95,69,69,63,30,22
2021-03-11,28,43,53,78,75,66,81,27,14
2021-03-12,32,38,69,75,67,74,75,43,15
2021-03-13,19,27,49,73,75,105,85,35,22
2021-03-14,15,26,70,85,74,82,64,26,17
2021-03-15,19,24,57,65,53,81,55,19,6
2021-03-16,20,21,35,59,49,89,59,23,8
2021-03-17,18,30,68,71,85,89,73,29,6
2021-03-18,22,25,68,75,82,78,64,18,13
2021-03-19,26,30,46,74,75,88,80,28,16
2021-03-20,21,25,83,66,71,79,78,16,8
2021-03-21,21,22,71,69,72,71,84,35,11
2021-03-22,23,21,59,81,67,76,58,24,6
2021-03-23,24,26,51,45,53,49,52,38,8
2021-03-24,25,39,68,77,66,62,56,25,10
2021-03-25,21,32,70,73,68,87,53,18,8
2021-03-26,48,29,73,74,84,77,69,26,9
2021-03-27,28,48,62,75,78,86,81,37,10
2021-03-28,28,39,81,62,63,66,77,35,30
2021-03-29,13,32,53,44,67,81,59,24,9
2021-03-30,20,39,67,64,84,78,60,26,9
2021-03-31,34,38,68,73,101,81,65,27,19
2021-04-01,38,48,91,71,81,97,81,27,17
2021-04-02,22,36,91,91,85,94,69,47,22
2021-04-03,25,43,78,76,97,88,93,29,14
2021-04-04,21,40,81,87,80,95,102,28,9
2021-04-05,17,42,61,50,73,84,93,37,16
2021-04-06,29,38,57,52,82,108,66,35,10
2021-04-07,28,74,90,88,114,130,98,35,11
2021-04-08,35,73,94,116,110,125,87,48,12
2021-04-09,37,50,95,84,125,132,99,37,12
2021-04-10,34,70,88,76,126,116,96,41,30
2021-04-11,34,58,86,80,90,113,92,45,16
2021-04-12,28,41,71,79,94,126,95,32,21
2021-04-13,26,44,65,69,80,131,72,37,18
2021-04-14,32,50,111,112,114,148,107,31,26
2021-04-15,25,44,108,104,118,145,85,47,22
2021-04-16,35,52,87,88,110,140,105,40,16
2021-04-17,20,44,94,87,109,139,94,46,25
2021-04-18,30,53,103,93,109,102,113,47,21
2021-04-19,35,36,61,70,78,113,87,40,12
2021-04-20,21,62,59,72,111,101,76,34,13
2021-04-21,39,71,114,101,128,130,94,35,19
2021-04-22,29,58,96,102,132,154,107,39,18
2021-04-23,53,55,112,112,119,141,94,56,55
2021-04-24,32,76,155,104,112,143,99,45,19
2021-04-25,27,58,110,94,93,113,84,47,18
2021-04-26,24,31,91,56,77,94,81,29,16
2021-04-27,26,36,82,72,79,101,80,27,9
2021-04-28,31,45,106,110,120,137,133,68,19
2021-04-29,50,48,94,100,106,111,113,37,20
2021-04-30,30,44,104,100,109,103,96,40,35
2021-05-01,30,48,75,93,110,120,90,39,22
2021-05-02,23,44,74,99,91,126,89,34,26
2021-05-03,32,33,60,75,87,94,60,33,14
2021-05-04,26,47,82,92,83,92,75,23,21
2021-05-05,32,57,98,106,116,116,102,35,14
2021-05-06,34,38,86,82,104,112,71,33,14
2021-05-07,32,52,76,69,70,106,79,30,11
2021-05-08,29,58,113,111,112,125,104,34,15
2021-05-09,40,49,78,82,72,108,76,38,21
2021-05-10,16,53,71,64,72,69,75,35,8
2021-05-11,18,41,91,80,101,79,63,28,9
2021-05-12,38,39,90,88,113,120,87,44,15
2021-05-13,35,64,94,113,127,133,95,38,16
2021-05-14,32,60,101,112,133,119,118,41,31
2021-05-15,35,61,96,109,111,131,84,42,12
2021-05-16,46,43,90,82,94,115,83,42,15
2021-05-17,29,53,115,90,97,106,80,37,12
2021-05-18,31,50,90,83,81,86,75,25,7
2021-05-19,30,56,102,100,105,122,95,33,11
2021-05-20,31,71,102,103,124,96,75,33,11
2021-05-21,46,47,82,87,100,88,81,25,5
2021-05-22,27,48,131,112,113,101,85,37,12
2021-05-23,24,43,98,97,98,101,82,29,13
2021-05-24,34,39,73,93,92,95,75,25,4
2021-05-25,18,34,83,94,92,93,74,24,4
2021-05-26,44,49,104,119,127,128,91,29,14
2021-05-27,26,26,131,93,100,122,83,32,16
2021-05-28,12,50,117,90,115,87,77,24,15
2021-05-29,31,47,103,77,94,98,63,17,3
2021-05-30,16,43,90,74,71,89,68,23,6
2021-05-31,14,26,89,68,65,76,60,23,9
2021-06-01,25,65,69,71,68,79,59,18,5
2021-06-02,28,43,101,119,133,148,70,27,8
2021-06-03,30,57,115,111,121,130,78,30,9
2021-06-04,43,52,115,124,129,116,85,16,15
2021-06-05,40,60,125,116,119,137,103,33,11
2021-06-06,25,47,112,74,113,92,60,28,5
2021-06-07,25,31,90,81,84,83,68,17,6
2021-06-08,25,34,80,79,83,84,53,10,6
2021-06-09,33,34,99,99,144,110,56,23,4
2021-06-10,35,31,109,107,131,103,69,19,6
2021-06-11,25,42,113,99,95,102,58,13,9
2021-06-12,41,47,94,98,114,82,67,16,6
2021-06-13,24,31,69,69,75,82,72,23,7
2021-06-14,15,32,68,73,77,74,40,17,3
2021-06-15,22,24,59,65,73,81,32,11,6
2021-06-16,47,52,101,86,109,75,55,14,6
2021-06-17,26,37,91,94,93,100,74,22,3
2021-06-18,29,38,97,86,94,80,70,10,3
2021-06-19,31,44,88,65,84,91,57,21,1
2021-06-20,20,26,79,75,74,80,58,11,6
2021-06-21,21,39,50,48,74,70,39,13,3
2021-06-22,18,38,61,68,76,87,32,10,4
2021-06-23,39,67,121,97,119,121,58,17,6
2021-06-24,33,50,120,104,125,94,62,21,1
2021-06-25,61,65,127,99,104,101,55,14,8
2021-06-26,49,58,130,133,105,125,52,13,3
2021-06-27,52,45,133,102,119,94,59,7,3
2021-06-28,36,33,112,82,88,85,48,13,4
2021-06-29,27,66,139,115,96,94,40,13,5
2021-06-30,34,58,195,141,168,138,42,15,3
2021-07-01,35,78,170,156,138,114,51,14,5
2021-07-02,48,74,204,135,158,144,52,8,2
2021-07-03,48,99,211,138,143,100,46,9,
2021-07-04,27,79,171,111,159,122,57,10,7
2021-07-05,43,72,159,129,133,129,33,4,9
2021-07-06,42,74,171,128,148,124,38,14,7
2021-07-07,33,121,335,214,226,194,62,20,6
2021-07-08,57,119,352,227,219,214,62,21,4
2021-07-09,66,133,323,238,235,222,77,15,7
2021-07-10,53,147,320,230,257,244,79,27,21
2021-07-11,58,128,323,243,234,240,69,24,5
2021-07-12,65,108,275,169,188,220,50,18,7
2021-07-13,87,105,293,209,207,174,57,15,3
2021-07-14,78,179,427,306,278,243,74,21,7
2021-07-15,104,154,388,303,292,238,89,19,12
2021-07-16,80,135,379,300,268,242,109,14,8
2021-07-17,76,137,376,217,244,262,103,24,10
2021-07-18,88,146,351,238,247,256,92,29,6
2021-07-19,121,132,288,198,203,204,75,21,9
2021-07-20,96,130,271,208,243,217,84,21,8
2021-07-21,123,212,403,292,321,287,103,30,10
2021-07-22,119,177,503,303,330,286,87,27,9
2021-07-23,111,164,376,286,271,259,118,32,12
2021-07-24,104,160,397,244,273,282,110,42,15
2021-07-25,79,210,327,255,244,211,113,35,13
2021-07-26,84,150,279,228,217,224,103,27,6
2021-07-27,106,151,325,204,239,217,96,18,7
2021-07-28,127,215,394,306,325,333,135,41,19
2021-07-29,124,186,399,240,295,264,115,36,14
2021-07-30,101,182,352,271,309,306,120,49,20
2021-07-31,96,178,349,241,264,239,132,28,11
2021-08-01,95,174,312,213,238,245,115,36,14
2021-08-02,85,156,255,180,219,195,78,32,18
2021-08-03,98,137,235,185,198,205,101,31,10
2021-08-04,97,189,400,282,280,300,127,39,11
2021-08-05,96,204,421,262,290,293,147,46,16
2021-08-06,128,194,362,276,255,285,149,51,4
2021-08-07,123,170,395,271,277,315,166,55,51
2021-08-08,117,170,382,304,249,281,158,48,18
2021-08-09,102,163,346,238,215,242,128,36,21
2021-08-10,102,196,332,239,258,234,124,31,21
2021-08-11,126,212,560,383,342,356,166,54,22
2021-08-12,122,225,492,331,279,319,144,52,23
2021-08-13,121,212,468,320,299,305,178,48,38
2021-08-14,102,207,468,339,276,319,149,46,22
2021-08-15,117,206,433,276,276,309,135,37,27
2021-08-16,102,182,364,259,221,230,120,44,32
2021-08-17,102,132,319,240,226,220,86,38,9
2021-08-18,117,200,429,283,296,269,160,27,22
2021-08-19,139,203,515,393,349,307,168,59,19
2021-08-20,155,184,454,359,337,321,151,61,28
2021-08-21,107,188,408,332,296,271,184,64,26
2021-08-22,102,153,375,298,264,244,132,42,16
2021-08-23,81,144,320,234,264,221,110,32,11
2021-08-24,116,145,347,271,261,202,114,40,11
2021-08-25,140,224,511,357,355,294,190,61,22
2021-08-26,119,177,439,339,301,278,150,66,13
2021-08-27,126,173,427,336,289,269,159,40,18
2021-08-28,114,194,434,309,259,263,146,47,25
2021-08-29,96,144,395,296,236,228,164,41,19
2021-08-30,102,121,327,303,228,212,130,33,29
2021-08-31,75,162,312,217,222,206,135,27,13
2021-09-01,128,192,444,366,335,297,194,56,12
2021-09-02,154,176,472,363,304,271,156,45,18
2021-09-03,94,153,379,321,312,238,151,41,19
2021-09-04,113,184,414,336,306,237,146,53,14
2021-09-05,114,154,322,264,264,179,132,45,16
2021-09-06,107,147,275,244,243,206,108,32,13
2021-09-07,111,173,348,275,299,226,123,31,11
2021-09-08,110,219,455,399,380,273,147,47,18
2021-09-09,138,233,439,356,367,276,181,45,14
2021-09-10,111,195,427,349,318,253,148,49,42
2021-09-11,145,191,416,353,307,227,140,68,17
2021-09-12,129,219,369,352,290,178,141,46,31
2021-09-13,106,135,295,271,257,177,134,36,22
2021-09-14,104,148,348,284,253,195,103,38,22
2021-09-15,121,209,435,460,374,235,147,60,36
2021-09-16,144,210,405,405,344,193,155,55,31
2021-09-17,144,214,447,369,345,227,186,60,16
2021-09-18,146,217,405,390,372,270,179,73,35
2021-09-19,124,173,402,327,366,240,183,68,26
2021-09-20,99,156,329,295,298,191,139,63,33
2021-09-21,110,160,358,305,325,214,160,69,28
2021-09-22,103,172,336,305,319,201,174,91,19
2021-09-23,99,141,401,317,306,199,159,68,25
2021-09-24,119,222,547,445,447,322,211,81,35
2021-09-25,205,299,809,658,510,339,268,120,60
2021-09-26,168,250,732,536,408,302,223,89,60
2021-09-27,166,221,625,450,363,246,173,83,54
2021-09-28,152,240,568,430,344,222,183,95,53
2021-09-29,145,286,747,556,442,307,219,123,56
2021-09-30,165,275,611,486,359,282,220,93,70
2021-10-01,160,289,590,442,363,278,216,87,58
2021-10-02,166,242,518,398,374,220,191,101,37
2021-10-03,128,220,474,393,333,223,177,83,53
2021-10-04,112,187,384,275,275,189,158,57,33
2021-10-05,84,182,302,309,262,178,141,68,48
2021-10-06,115,223,426,392,328,250,176,77,40
2021-10-07,192,266,448,434,389,281,259,105,51
2021-10-08,168,228,444,382,302,254,240,94,59
2021-10-09,140,227,347,318,334,218,242,81,46
2021-10-10,131,162,324,302,237,187,147,70,34
2021-10-11,90,161,242,224,211,151,122,64,32
2021-10-12,104,188,239,251,223,140,121,43,37
2021-10-13,120,198,289,271,256,176,159,77,36
2021-10-14,155,246,292,335,280,203,228,128,71
2021-10-15,159,203,276,288,243,175,204,85,50
2021-10-16,125,185,254,273,243,203,181,77,75
2021-10-17,102,158,236,234,197,158,190,96,49
2021-10-18,100,109,154,173,163,141,112,59,38
2021-10-19,88,166,147,169,159,125,126,50,43
2021-10-20,108,250,226,266,244,145,194,76,62
2021-10-21,127,201,206,257,196,162,172,75,45
2021-10-22,116,209,194,252,215,141,184,74,52
2021-10-23,136,222,205,253,194,149,191,84,74
2021-10-24,118,226,197,226,216,133,193,73,40
2021-10-25,103,201,126,180,170,134,158,74,44
2021-10-26,110,208,167,204,171,114,156,71,64
2021-10-27,169,335,249,295,273,177,266,123,65
2021-10-28,220,325,244,311,276,224,279,132,99
2021-10-29,207,301,297,319,260,221,282,149,87
2021-10-30,195,271,214,295,275,246,321,170,116
2021-10-31,159,266,256,288,275,226,333,145,113
2021-11-01,153,226,159,237,198,193,269,127,122
2021-11-02,149,243,163,194,203,166,252,120,99
2021-11-03,230,432,250,390,290,314,429,179,151
2021-11-04,235,321,253,355,290,297,397,201,133
2021-11-05,207,334,211,326,298,264,360,203,139
2021-11-06,210,294,243,321,285,232,357,189,115
2021-11-07,201,268,216,294,268,263,393,175,146
2021-11-08,153,240,169,221,234,199,314,133,95
2021-11-09,201,244,145,224,179,226,277,132,87
2021-11-10,175,313,249,309,294,302,457,219,106
2021-11-11,231,325,250,339,304,268,440,224,138
2021-11-12,214,294,211,307,285,278,411,220,148
2021-11-13,180,211,209,307,249,309,492,232,135
2021-11-14,199,247,209,257,273,333,476,262,162
2021-11-15,185,223,137,203,255,268,388,203,141
2021-11-16,210,252,166,249,271,290,332,199,155
2021-11-17,254,405,277,371,363,390,625,331,168
2021-11-18,231,398,294,384,383,410,629,357,206
2021-11-19,220,334,280,349,347,395,616,319,173
2021-11-20,278,379,256,347,411,422,597,331,182
2021-11-21,307,292,262,372,348,405,619,306,208
2021-11-22,263,328,270,362,318,348,526,270,141
2021-11-23,289,286,237,341,326,339,520,236,123
2021-11-24,299,390,363,530,487,565,873,409,199
2021-11-25,293,407,350,504,470,538,831,353,191
2021-11-26,318,391,373,458,466,542,767,364,216
2021-11-27,340,441,375,449,510,538,809,406,199
2021-11-28,348,393,336,451,417,461,778,438,303
2021-11-29,335,307,286,370,359,417,663,366,204
2021-11-30,307,309,252,394,351,369,620,258,172
2021-12-01,415,522,467,604,583,722,980,524,303
2021-12-02,425,553,520,625,600,676,"1,035",536,292
2021-12-03,452,547,449,561,587,651,957,501,238
2021-12-04,502,588,453,645,623,673,"1,061",535,272
2021-12-05,483,556,444,582,580,655,"1,055",515,255
2021-12-06,485,482,359,446,483,524,883,408,254
2021-12-07,548,549,430,597,632,647,940,418,191
2021-12-08,664,728,600,858,940,935,"1,505",665,278
2021-12-09,683,728,682,884,899,905,"1,404",635,281
2021-12-10,725,758,632,811,888,916,"1,403",615,272
2021-12-11,730,708,604,850,861,929,"1,426",585,279
2021-12-12,628,661,591,802,846,903,"1,375",596,281
2021-12-13,614,546,513,674,782,794,"1,187",498,208
2021-12-14,647,585,532,637,747,756,"1,035",425,201
2021-12-15,852,744,762,984,"1,030","1,091","1,495",611,279
2021-12-16,785,738,770,989,"1,045","1,054","1,505",527,205
2021-12-17,889,703,764,947,"1,003","1,003","1,350",578,197
2021-12-18,893,721,772,900,992,924,"1,400",525,183
2021-12-19,785,631,647,782,855,840,"1,102",421,169
2021-12-20,732,546,525,694,711,700,929,330,148
2021-12-21,699,567,495,685,756,716,873,290,113
2021-12-22,878,804,788,"1,044","1,033","1,006","1,265",438,198
2021-12-23,828,752,709,941,993,924,"1,161",403,203
2021-12-24,761,721,679,856,898,800,"1,012",349,157
2021-12-25,760,660,674,765,812,826,882,322,137
2021-12-26,717,623,561,732,772,732,847,278,153
2021-12-27,640,485,452,597,619,546,586,193,86
2021-12-28,589,461,423,553,591,480,526,159,82
2021-12-29,615,645,648,807,802,718,755,263,153
2021-12-30,681,560,662,710,738,684,654,234,111
2021-12-31,687,613,584,698,725,625,623,209,108
2022-01-01,678,472,505,648,664,593,563,186,105
2022-01-02,520,465,480,581,595,497,458,156,78
2022-01-03,488,388,388,475,492,362,347,123,61
2022-01-04,416,356,422,475,458,393,339,98,65
2022-01-05,522,554,578,754,756,560,439,169,109
2022-01-06,555,505,612,631,686,506,407,130,89
2022-01-07,443,454,571,610,604,481,352,111,85
2022-01-08,408,408,569,554,524,493,366,132,49
2022-01-09,423,455,528,526,522,416,323,110,66
2022-01-10,396,404,478,457,474,370,262,93,70
2022-01-11,425,460,502,483,513,330,256,83,42
2022-01-12,452,553,851,764,760,496,294,126,86
2022-01-13,476,562,759,707,699,477,291,101,88
2022-01-14,454,666,"1,070",768,699,394,291,102,93
2022-01-15,510,633,951,743,629,455,289,113,96
2022-01-16,557,606,819,637,635,467,260,108,97
2022-01-17,582,582,645,574,600,439,224,85,124
2022-01-18,574,656,749,626,612,454,244,95,58
2022-01-19,753,938,"1,113",925,985,585,307,106,92
2022-01-20,735,"1,106","1,433",991,"1,035",670,345,149,136
2022-01-21,703,"1,170","1,532","1,096","1,023",652,343,150,95
2022-01-22,765,"1,248","1,559","1,082","1,050",700,362,125,109
2022-01-23,909,"1,365","1,590","1,131","1,131",750,432,135,182
2022-01-24,954,"1,326","1,461","1,109","1,211",805,392,147,105
2022-01-25,"1,167","1,572","1,708","1,333","1,357",821,383,135,92
2022-01-26,"1,516","2,422","2,733","2,044","2,093","1,199",607,211,177
2022-01-27,"1,653","2,809","3,283","2,081","2,227","1,335",653,241,232
2022-01-28,"1,678","2,938","3,859","2,326","2,489","1,511",787,280,221
2022-01-29,"1,916","3,229","4,022","2,568","2,659","1,733",844,300,236
2022-01-30,"1,930","3,233","3,825","2,613","2,702","1,737",929,335,216
2022-01-31,"1,998","3,254","3,516","2,571","2,662","1,670",889,309,203
2022-02-01,"2,314","3,472","3,729","2,592","2,919","1,848",945,304,210
2022-02-02,"2,416","3,675","4,052","2,947","3,315","2,137","1,069",394,262
2022-02-03,"2,703","3,911","4,702","3,510","3,836","2,406","1,180",393,261
2022-02-04,"2,887","4,370","5,918","4,158","4,611","2,972","1,558",579,380
2022-02-05,"3,749","5,430","7,762","5,513","5,791","3,853","2,539","1,036",651
2022-02-06,"4,007","5,875","7,871","5,677","6,161","4,317","2,814","1,285",677
2022-02-07,"3,540","5,235","7,241","5,196","5,638","4,103","2,478","1,128",710
2022-02-08,"3,765","5,479","7,633","5,339","5,884","4,346","2,544","1,049",669
2022-02-09,"4,947","7,506","10,705","7,276","7,574","5,600","3,428","1,458","1,045"
2022-02-10,"5,703","8,546","11,855","7,902","8,089","6,014","3,462","1,548",997
2022-02-11,"5,627","8,374","11,802","8,168","8,109","5,722","3,586","1,392","1,114"
2022-02-12,"6,028","8,885","11,681","8,019","8,184","5,805","3,752","1,472","1,105"
2022-02-13,"6,592","9,262","11,433","7,964","8,436","5,870","3,886","1,641","1,317"
2022-02-14,"6,896","9,189","10,106","7,772","8,526","5,918","3,706","1,456",985
2022-02-15,"8,052","9,502","9,952","8,506","8,993","6,183","3,706","1,326",943
2022-02-16,"12,582","14,164","15,555","13,563","14,528","9,759","6,204","2,418","1,662"
2022-02-17,"13,188","14,796","15,720","14,165","15,195","9,883","6,137","2,335","1,701"
2022-02-18,"14,126","16,628","19,331","17,407","18,255","11,792","7,616","2,769","1,884"
2022-02-19,"13,017","15,425","17,790","15,460","16,459","11,306","7,768","2,896","2,074"
2022-02-20,"14,399","15,557","17,318","15,431","16,614","11,740","8,372","3,233","2,156"
2022-02-21,"13,542","13,795","14,677","14,041","15,606","11,221","7,794","2,899","1,775"
2022-02-22,"15,340","14,037","14,952","15,601","16,712","11,095","7,322","2,660","1,838"
2022-02-23,"24,777","21,980","26,967","27,268","28,649","19,726","13,628","5,107","3,332"
2022-02-24,"24,425","22,988","26,027","27,117","28,040","18,999","13,590","5,234","3,579"
2022-02-25,"21,735","22,041","26,529","26,664","27,584","18,507","13,923","5,283","3,613"
2022-02-26,"20,951","21,319","26,589","25,740","27,097","19,887","14,839","5,914","3,854"
2022-02-27,"21,285","20,557","25,631","24,902","25,933","19,803","15,261","6,280","3,901"
2022-02-28,"19,110","17,802","20,803","21,063","23,054","16,783","12,900","4,972","3,135"
2022-03-01,"19,801","17,718","20,771","22,030","22,730","16,257","12,120","4,537","3,018"
2022-03-02,"26,788","27,962","34,286","34,422","35,740","27,018","19,899","8,033","5,066"
2022-03-03,"26,414","26,132","29,791","31,577","32,916","22,752","17,521","6,807","4,884"
2022-03-04,"32,160","34,415","43,641","42,779","42,524","31,384","23,930","9,819","6,187"
2022-03-05,"30,725","37,557","40,021","37,683","39,470","29,471","23,520","9,652","6,217"
2022-03-06,"26,553","32,829","39,233","35,459","37,152","29,927","24,740","10,694","7,024"
2022-03-07,"24,569","29,361","32,283","29,741","32,465","26,399","21,418","9,046","5,413"
2022-03-08,"27,950","30,897","30,749","29,362","31,487","23,529","17,572","6,861","4,288"
2022-03-09,"44,590","51,184","51,890","48,873","51,068","40,874","31,472","13,911","8,559"
2022-03-10,"42,433","46,126","47,893","48,077","49,314","38,224","31,714","14,303","9,431"
2022-03-11,"35,613","39,961","43,199","43,565","45,025","32,744","25,549","10,625","6,685"
2022-03-12,"45,428","54,057","61,539","56,025","57,290","45,638","36,590","16,676","10,394"
2022-03-13,"43,576","47,941","52,695","49,047","51,381","41,620","36,822","16,930","10,138"
2022-03-14,"37,373","42,563","44,617","44,402","47,570","38,004","32,505","14,415","8,316"
2022-03-15,"50,224","51,359","53,119","54,147","56,920","42,307","32,936","13,839","7,399"
2022-03-16,"52,603","56,641","57,824","57,471","59,586","48,503","40,112","17,960","9,830"
2022-03-17,"77,053","80,318","89,383","91,743","93,421","75,501","64,209","30,510","19,004"
2022-03-18,"49,682","52,784","57,521","59,724","61,739","50,288","42,860","20,504","11,738"
2022-03-19,"48,663","50,584","51,847","53,056","55,919","47,323","42,035","20,120","11,820"
2022-03-20,"44,267","43,386","41,939","45,605","49,148","42,387","38,303","18,926","10,630"
2022-03-21,"31,349","27,664","25,811","31,109","32,306","24,545","21,344","9,473","5,513"
2022-03-22,"55,475","50,876","42,725","53,106","55,510","40,785","32,691","14,970","7,741"
2022-03-23,"67,384","67,091","60,547","71,690","74,469","58,786","49,729","24,730","16,330"
2022-03-24,"49,848","51,716","51,678","60,613","63,302","47,194","40,013","19,333","11,820"
2022-03-25,"40,729","44,110","44,838","50,889","53,587","41,590","35,604","17,481","10,628"
2022-03-26,"41,739","45,008","42,727","46,876","50,529","41,747","36,913","18,296","11,678"
2022-03-27,"39,804","40,523","38,134","43,590","48,445","41,226","37,036","18,362","10,934"
2022-03-28,"27,429","25,054","22,557","27,717","29,505","21,831","19,114","8,911","5,050"
2022-03-29,"49,345","49,989","43,014","51,909","55,324","41,479","31,990","16,091","8,326"
2022-03-30,"52,701","56,478","52,466","62,290","65,484","52,363","44,118","23,089","15,568"
2022-03-31,"37,131","40,515","42,045","48,730","51,861","39,683","33,635","17,017","10,066"
2022-04-01,"31,555","35,645","37,144","41,234","44,523","35,210","30,407","15,452","9,065"
2022-04-02,"29,230","32,642","34,368","36,581","40,648","34,623","30,462","15,647","9,943"
2022-04-03,"27,090","27,980","28,360","32,197","36,461","31,301","28,015","14,370","8,477"
2022-04-04,"17,967","15,796","15,820","19,379","20,171","14,912","13,086","6,371","3,660"
2022-04-05,"34,384","35,461","34,004","39,804","42,733","33,397","26,064","13,153","7,097"
2022-04-06,"31,419","35,989","38,412","41,543","43,599","36,705","30,806","16,432","11,353"
2022-04-07,"22,954","26,774","31,970","34,221","35,452","29,180","23,972","12,667","7,593"
2022-04-08,"21,192","24,769","28,125","29,738","32,493","26,848","22,907","12,103","7,134"
2022-04-09,"19,652","22,081","24,467","25,210","27,641","24,502","22,372","12,001","7,606"
2022-04-10,"17,467","18,725","20,586","22,344","25,062","22,735","20,303","10,852","6,379"
2022-04-11,"12,180","10,722","11,817","13,711","14,357","11,131","9,329","4,748","2,917"
2022-04-12,"23,250","26,401","28,623","31,825","33,518","28,131","21,664","11,376","5,934"
2022-04-13,"19,583","22,957","27,270","28,694","29,332","25,642","21,545","11,748","8,616"
2022-04-14,"14,512","16,813","21,295","22,369","22,926","19,638","16,629","8,848","5,391"
2022-04-15,"12,134","13,893","17,582","18,239","19,370","17,208","14,870","7,885","4,640"
2022-04-16,"10,489","11,187","14,365","14,762","16,118","15,095","13,636","7,543","4,696"
2022-04-17,"9,728","9,166","11,190","12,760","13,960","13,039","12,155","6,681","4,291"
2022-04-18,"6,737","5,292","6,120","7,559","7,535","5,734","4,781","2,401","1,566"
2022-04-19,"13,040","13,607","15,416","17,508","18,776","16,208","12,935","7,264","3,720"
2022-04-20,"11,051","11,787","15,356","16,214","16,620","14,973","13,108","7,438","4,743"
2022-04-21,"8,615","9,294","13,048","13,699","13,931","12,317","10,646","5,875","3,421"
2022-04-22,"7,665","8,109","11,295","11,832","12,270","11,325","9,923","5,499","3,123"
2022-04-23,"7,295","7,332","10,106","10,416","10,884","10,553","9,920","5,407","3,507"
2022-04-24,"6,201","6,020","8,354","9,064","9,699","9,330","8,577","4,711","2,737"
2022-04-25,"4,405","3,611","4,641","5,542","5,335","4,215","3,585","1,843","1,184"
2022-04-26,"8,256","8,317","11,041","12,224","12,702","11,122","8,961","5,002","2,713"
2022-04-27,"7,064","7,161","10,965","11,327","11,362","10,625","9,405","5,268","3,585"
2022-04-28,"5,181","5,416","8,776","8,728","8,824","7,787","6,817","3,707","2,216"
2022-04-29,"4,522","4,749","7,675","7,358","7,493","7,158","6,194","3,438","1,967"
2022-04-30,"3,737","4,122","6,243","5,955","6,147","6,201","5,712","3,238","1,918"
2022-05-01,"3,525","3,753","5,240","5,150","5,501","5,264","5,025","2,804","1,495"
2022-05-02,"2,506","2,261","2,835","3,084","3,186","2,450","2,009","1,066",675
2022-05-03,"4,652","6,080","7,476","7,538","7,755","7,066","5,718","3,158","1,673"
2022-05-04,"4,115","5,394","7,577","7,067","7,084","6,636","5,769","3,278","2,131"
2022-05-05,"3,651","4,664","6,766","6,003","6,283","5,610","4,833","2,782","1,694"
2022-05-06,"2,529","3,119","4,320","3,818","3,803","3,527","3,108","1,516",959
2022-05-07,"3,256","4,426","6,241","5,376","5,851","5,577","4,700","2,722","1,441"
2022-05-08,"3,237","4,632","5,976","5,365","5,828","5,525","4,966","2,797","1,720"
2022-05-09,"2,313","2,794","3,229","3,159","3,175","2,448","1,798","1,031",638
2022-05-10,"4,315","7,058","8,285","7,276","7,787","6,466","4,678","2,602","1,453"
2022-05-11,"3,583","5,807","7,777","5,990","6,374","5,615","4,450","2,553","1,759"
2022-05-12,"2,905","4,778","6,594","5,199","5,110","4,541","3,596","1,952","1,220"
2022-05-13,"2,612","4,119","5,722","4,404","4,588","4,451","3,554","1,865","1,122"
2022-05-14,"2,446","3,664","5,008","3,962","4,144","3,950","3,316","1,893","1,193"
2022-05-15,"2,161","3,011","3,980","3,336","3,619","3,665","3,039","1,637",975
2022-05-16,"1,405","1,695","2,271","1,958","2,043","1,644","1,211",660,403
2022-05-17,"2,929","4,840","6,272","5,119","5,411","4,647","3,271","1,686",929
2022-05-18,"2,534","4,072","5,688","4,516","4,442","3,986","3,256","1,691","1,155"
2022-05-19,"2,336","3,740","5,315","4,034","4,166","3,619","2,685","1,351",876
2022-05-20,"1,995","3,217","4,881","3,565","3,554","3,435","2,443","1,256",773
2022-05-21,"1,904","2,811","4,374","3,116","3,339","3,225","2,598","1,343",745
2022-05-22,"1,611","2,360","3,266","2,634","2,825","2,731","2,142","1,091",627
2022-05-23,"1,075","1,409","1,818","1,441","1,530","1,157",861,408,272
2022-05-24,"2,197","3,836","4,806","3,936","4,016","3,497","2,330","1,137",583
2022-05-25,"1,830","3,328","4,831","3,392","3,347","3,037","2,254","1,213",713
2022-05-26,"1,531","2,582","3,911","2,814","2,608","2,392","1,658",834,475
2022-05-27,"1,388","2,143","3,315","2,400","2,368","2,200","1,573",750,439
2022-05-28,"1,211","1,837","2,833","2,055","1,966","1,879","1,482",695,436
2022-05-29,"1,106","1,604","2,344","1,718","1,853","1,724","1,314",610,374
2022-05-30,692,784,"1,201",943,933,691,518,212,159
2022-05-31,"1,427","2,438","3,598","2,523","2,531","2,192","1,410",679,384
2022-06-01,"1,174","2,091","3,919","2,204","2,129","1,826","1,383",664,397
2022-06-02,879,"1,318","2,213","1,465","1,371","1,203",844,350,243
2022-06-03,941,"1,630","2,747","1,921","1,822","1,594","1,112",496,272
2022-06-04,995,"1,619","2,672","1,726","1,578","1,582","1,102",494,268
2022-06-05,762,"1,257","2,104","1,390","1,432","1,294",933,431,225
2022-06-06,482,647,"1,104",734,743,592,430,179,104
2022-06-07,578,809,"1,329",979,955,745,479,186,111
2022-06-08,962,"1,811","2,962","2,042","1,955","1,770","1,088",500,263
2022-06-09,912,"1,535","2,994","1,742","1,665","1,473","1,043",454,331
2022-06-10,744,"1,172","2,097","1,373","1,285","1,173",826,398,239
2022-06-11,648,"1,018","1,856","1,241","1,160","1,085",828,401,198
2022-06-12,638,930,"1,460","1,039","1,047",999,745,356,162
2022-06-13,414,512,733,587,544,447,339,164,77
2022-06-14,867,"1,298","1,995","1,518","1,494","1,273",768,365,191
2022-06-15,728,"1,139","2,060","1,459","1,349","1,208",847,403,233
2022-06-16,672,924,"1,720","1,297","1,173",972,713,352,157
2022-06-17,569,884,"1,524","1,145","1,010",927,666,315,151
2022-06-18,549,834,"1,371","1,004",976,919,676,315,177
2022-06-19,496,744,"1,103",879,891,888,645,277,141
2022-06-20,374,472,621,572,563,412,314,128,75
2022-06-21,736,"1,166","1,823","1,498","1,480","1,256",803,368,169
2022-06-22,736,"1,055","1,817","1,461","1,401","1,159",796,360,189
2022-06-23,600,930,"1,543","1,258","1,113",937,640,304,168
2022-06-24,547,818,"1,446","1,212","1,088",966,722,300,119
2022-06-25,551,854,"1,305","1,030",998,903,685,303,151
2022-06-26,511,772,"1,118",959,968,826,692,267,123
2022-06-27,306,423,647,606,539,448,288,113,49
2022-06-28,802,"1,242","2,054","1,656","1,568","1,264",794,338,171
2022-06-29,767,"1,157","2,363","1,807","1,589","1,330",893,353,189
2022-06-30,703,"1,163","2,353","1,601","1,396","1,132",818,316,108
2022-07-01,714,"1,174","2,295","1,555","1,310","1,195",767,350,154
2022-07-02,853,"1,391","2,469","1,732","1,523","1,322",865,374,180
2022-07-03,857,"1,305","2,037","1,536","1,490","1,379",927,322,184
2022-07-04,687,899,"1,229","1,044",916,699,465,170,134
2022-07-05,"1,520","2,506","3,779","3,008","2,967","2,342","1,256",530,217
2022-07-06,"1,564","2,601","4,232","3,199","2,938","2,392","1,482",587,357
2022-07-07,"1,476","2,486","4,100","3,004","2,825","2,315","1,355",601,332
2022-07-08,"1,632","2,756","3,993","3,035","2,910","2,411","1,566",655,339
2022-07-09,"1,755","3,150","4,066","2,891","2,982","2,683","1,689",692,353
2022-07-10,"1,769","3,123","3,719","3,010","3,035","2,649","1,890",802,387
2022-07-11,"1,442","2,085","2,238","2,035","2,026","1,424",884,356,182
2022-07-12,"3,257","6,229","6,710","5,971","5,979","4,714","2,765","1,188",523
2022-07-13,"3,402","6,330","8,180","6,637","5,848","4,806","3,048","1,329",660
2022-07-14,"3,284","6,089","8,207","6,083","5,864","4,657","2,932","1,390",653
2022-07-15,"3,370","6,497","7,519","5,886","5,599","4,702","3,161","1,460",663
2022-07-16,"3,774","7,093","7,530","5,846","5,934","5,090","3,553","1,682",793
2022-07-17,"3,869","6,654","6,742","5,723","6,059","5,201","3,561","1,698",808
2022-07-18,"3,422","5,198","4,232","3,840","3,878","2,675","1,806",758,466
2022-07-19,"6,792","13,645","12,375","11,242","11,400","8,929","5,465","2,580","1,115"
2022-07-20,"6,733","12,176","14,371","11,850","11,431","9,022","6,302","2,949","1,527"
2022-07-21,"6,017","10,223","14,774","11,148","10,706","8,376","5,856","2,766","1,263"
2022-07-22,"6,104","10,179","13,491","10,068","9,904","8,320","6,202","2,948","1,373"
2022-07-23,"6,045","10,489","12,108","9,670","9,837","8,920","6,601","3,199","1,655"
2022-07-24,"6,005","10,043","10,530","9,111","9,703","8,676","6,382","3,289","1,629"
2022-07-25,"4,233","5,554","5,591","5,520","5,611","4,200","2,978","1,418",748
2022-07-26,"8,871","12,624","16,902","15,806","16,321","13,500","8,701","4,421","2,082"
2022-07-27,"8,329","11,657","18,876","15,864","15,427","12,990","9,546","4,891","2,649"
2022-07-28,"7,482","10,356","17,013","13,912","13,635","11,500","8,423","4,013","2,008"
2022-07-29,"7,054","9,783","15,449","12,795","12,817","11,781","8,854","4,481","2,262"
2022-07-30,"6,988","8,856","14,456","12,031","12,253","11,430","8,985","4,571","2,389"
2022-07-31,"6,033","7,593","11,636","10,683","11,604","10,787","8,494","4,497","2,229"
2022-08-01,"5,009","5,157","7,171","6,967","6,972","5,623","4,488","2,112","1,147"
2022-08-02,"8,307","10,679","18,714","17,693","18,222","16,645","12,123","6,445","2,917"
2022-08-03,"8,898","11,930","21,079","18,075","18,209","17,316","13,428","6,924","4,008"
2022-08-04,"7,786","10,698","19,539","16,190","16,350","15,706","12,274","6,092","3,212"
2022-08-05,"9,113","11,790","19,085","16,570","16,646","16,430","12,918","6,637","3,644"
2022-08-06,"8,912","11,334","17,925","15,967","16,517","16,172","12,992","6,879","3,927"
2022-08-07,"8,573","10,606","16,115","15,183","15,715","15,954","12,627","6,936","3,750"
2022-08-08,"5,509","5,396","8,686","8,823","8,733","7,708","5,947","2,842","1,600"
2022-08-09,"11,078","13,514","24,227","22,976","23,887","23,283","17,011","9,312","4,561"
2022-08-10,"11,157","14,675","26,085","22,757","22,260","21,949","17,646","9,631","5,559"
2022-08-11,"10,748","13,806","24,356","20,079","19,607","19,648","16,026","8,441","4,455"
2022-08-12,"10,335","12,843","20,950","18,259","18,461","18,875","15,831","8,512","4,596"
2022-08-13,"10,666","12,315","18,796","17,059","17,905","18,321","16,001","8,698","4,777"
2022-08-14,"11,281","11,860","16,199","15,777","17,339","17,920","15,762","8,669","4,721"
2022-08-15,"7,032","6,499","8,605","9,050","9,425","8,493","7,101","3,667","2,176"
2022-08-16,"8,229","8,072","12,245","13,390","13,608","12,238","9,356","4,551","2,402"
2022-08-17,"13,469","17,047","27,765","27,400","28,028","27,103","21,700","12,073","6,161"
2022-08-18,"14,624","18,789","28,329","25,886","25,070","24,850","21,662","12,172","7,126"
2022-08-19,"11,113","15,023","22,140","19,631","19,504","19,387","17,179","9,591","5,205"
2022-08-20,"11,248","14,868","19,268","17,081","17,716","17,892","16,368","9,487","5,424"
2022-08-21,"9,849","12,045","14,920","14,469","15,624","16,024","15,037","8,362","4,576"
2022-08-22,"6,982","7,266","8,053","8,665","8,549","7,478","6,577","3,364","2,080"
2022-08-23,"13,400","18,398","20,171","21,183","22,541","21,232","17,700","10,150","5,432"
2022-08-24,"11,915","16,294","19,805","19,240","19,615","19,028","17,145","10,033","6,223"
2022-08-25,"9,662","12,734","16,578","15,914","16,383","15,577","14,140","7,922","4,438"
2022-08-26,"9,124","12,200","13,877","13,395","13,907","14,197","12,940","7,338","4,135"
2022-08-27,"8,705","12,154","12,239","11,897","12,926","13,070","12,633","7,572","4,375"
2022-08-28,"8,086","9,908","10,311","10,634","11,999","12,148","11,618","6,826","3,703"
2022-08-29,"5,346","5,849","5,406","6,290","6,335","5,268","4,659","2,433","1,528"
2022-08-30,"10,808","15,916","14,054","15,540","17,269","16,123","13,441","8,171","4,293"
2022-08-31,"8,734","12,578","13,593","14,103","15,089","14,206","13,183","7,835","4,602"
2022-09-01,"6,076","8,764",10918,"11,504",12426,"11,814",10582,"5,966","3,516"
2022-09-02,"9,126","12,339",11500,"11,373",12541,"11,756",11055,"6,241",3655
2022-09-03,"7,176","10,768",9577,"10,013",11099,"10,997",10482,"6,177",3457
2022-09-04,"6,691","9,128",8099,"8,968",10374,"10,111",9754,"5,709",3310
2022-09-05,"4,573","5,344",4458,"5,225",5566,"4,702",4067,"2,271",1342
