날짜,종가,시가,고가,저가,거래량
2023- 10- 11,"2,450.08","2,436.52","2,463.56","2,436.52",446.95K
2023- 10- 10,"2,402.58","2,436.58","2,448.24","2,402.44",416.00M
2023- 10- 06,"2,408.73","2,408.81","2,421.18","2,403.92",289.39M
2023- 10- 05,"2,403.60","2,423.35","2,426.61","2,402.50",451.72M
2023- 10- 04,"2,405.69","2,435.78","2,435.78","2,402.84",424.86M
2023- 09- 27,"2,465.07","2,447.99","2,469.72","2,445.51",366.24M
2023- 09- 26,"2,462.97","2,493.64","2,495.00","2,461.59",427.48M
2023- 09- 25,"2,495.76","2,504.10","2,509.38","2,486.44",438.62M
2023- 09- 22,"2,508.13","2,491.45","2,513.26","2,486.14",433.18M
2023- 09- 21,"2,514.97","2,544.81","2,549.63","2,514.96",394.68M
2023- 09- 20,"2,559.74","2,556.55","2,566.62","2,551.12",414.67M
2023- 09- 19,"2,559.21","2,579.36","2,583.25","2,555.46",462.34M
2023- 09- 18,"2,574.72","2,588.69","2,596.55","2,573.26",416.29M
2023- 09- 15,"2,601.28","2,574.98","2,611.00","2,572.37",441.73M
2023- 09- 14,"2,572.89","2,544.89","2,572.89","2,541.11",412.51M
2023- 09- 13,"2,534.70","2,536.22","2,549.38","2,528.18",417.58M
2023- 09- 12,"2,536.58","2,566.42","2,568.55","2,535.15",359.41M
2023- 09- 11,"2,556.88","2,549.88","2,556.89","2,540.44",411.07M
2023- 09- 08,"2,547.68","2,546.07","2,550.96","2,530.05",396.29M
2023- 09- 07,"2,548.26","2,554.87","2,562.42","2,539.24",377.27M
2023- 09- 06,"2,563.34","2,577.41","2,585.98","2,560.09",422.13M
2023- 09- 05,"2,582.18","2,578.91","2,586.65","2,575.19",384.58M
2023- 09- 04,"2,584.55","2,566.93","2,584.55","2,560.32",342.07M
2023- 09- 01,"2,563.71","2,551.93","2,568.42","2,551.04",493.37M
2023- 08- 31,"2,556.27","2,564.45","2,568.06","2,547.72",473.17M
2023- 08- 30,"2,561.22","2,575.42","2,578.62","2,561.22",364.00M
2023- 08- 29,"2,552.16","2,550.76","2,556.98","2,545.27",441.37M
2023- 08- 28,"2,543.41","2,534.42","2,543.41","2,525.64",483.59M
2023- 08- 25,"2,519.14","2,505.39","2,526.37","2,502.05",577.38M
2023- 08- 24,"2,537.68","2,531.78","2,539.44","2,520.73",441.14M
2023- 08- 23,"2,505.50","2,510.00","2,517.51","2,499.89",547.17M
2023- 08- 22,"2,515.74","2,528.39","2,533.43","2,509.53",471.81M
2023- 08- 21,"2,508.80","2,511.70","2,524.41","2,505.59",399.46M
2023- 08- 18,"2,504.50","2,495.18","2,519.60","2,489.63",557.79M
2023- 08- 17,"2,519.85","2,512.92","2,520.56","2,482.06",735.13M
2023- 08- 16,"2,525.64","2,550.13","2,550.53","2,520.87",685.14M
2023- 08- 14,"2,570.87","2,586.51","2,592.91","2,561.88",624.38M
2023- 08- 11,"2,591.26","2,611.25","2,616.84","2,589.94",675.39M
2023- 08- 10,"2,601.56","2,592.40","2,601.56","2,590.02",568.16M
2023- 08- 09,"2,605.12","2,580.60","2,608.98","2,576.21",467.53M
2023- 08- 08,"2,573.98","2,598.29","2,601.41","2,568.15",638.42M
2023- 08- 07,"2,580.71","2,591.58","2,607.36","2,580.71",504.07M
2023- 08- 04,"2,602.80","2,606.17","2,612.30","2,598.38",645.75M
2023- 08- 03,"2,605.39","2,624.76","2,625.45","2,591.30",789.42M
2023- 08- 02,"2,616.47","2,651.53","2,660.90","2,611.77",704.67M
2023- 08- 01,"2,667.07","2,644.34","2,668.21","2,639.10",493.64M
2023- 07- 31,"2,632.58","2,628.87","2,639.45","2,622.21",454.24M
2023- 07- 28,"2,608.32","2,593.67","2,609.54","2,586.33",503.27M
2023- 07- 27,"2,603.81","2,599.82","2,617.61","2,586.36",594.16M
2023- 07- 26,"2,592.36","2,638.76","2,639.21","2,580.98",834.11M
2023- 07- 25,"2,636.46","2,643.35","2,646.71","2,621.60",723.47M
2023- 07- 24,"2,628.53","2,608.47","2,636.06","2,595.21",529.36M
2023- 07- 21,"2,609.76","2,581.06","2,609.76","2,570.58",501.87M
2023- 07- 20,"2,600.23","2,595.38","2,611.34","2,589.29",372.36M
2023- 07- 19,"2,608.24","2,622.24","2,622.54","2,598.52",440.07M
2023- 07- 18,"2,607.62","2,624.59","2,626.89","2,600.67",493.20M
2023- 07- 17,"2,619.00","2,617.67","2,627.12","2,611.55",550.57M
2023- 07- 14,"2,628.30","2,607.47","2,628.30","2,603.36",569.81M
2023- 07- 13,"2,591.23","2,589.89","2,602.21","2,587.75",585.66M
2023- 07- 12,"2,574.72","2,557.61","2,574.73","2,554.26",696.92M
2023- 07- 11,"2,562.49","2,538.84","2,562.49","2,534.48",594.13M
2023- 07- 10,"2,520.70","2,528.08","2,539.63","2,517.67",561.82M
2023- 07- 07,"2,526.71","2,547.41","2,547.41","2,515.07",613.27M
2023- 07- 06,"2,556.29","2,574.75","2,575.45","2,550.67",531.90M
2023- 07- 05,"2,579.00","2,593.47","2,601.99","2,578.66",601.09M
2023- 07- 04,"2,593.31","2,604.72","2,607.66","2,591.86",674.41M
2023- 07- 03,"2,602.47","2,580.89","2,604.63","2,580.49",618.01M
2023- 06- 30,"2,564.28","2,558.43","2,571.03","2,541.72",510.93M
2023- 06- 29,"2,550.02","2,564.02","2,577.69","2,550.02",604.51M
2023- 06- 28,"2,564.19","2,590.52","2,590.52","2,559.46",488.77M
2023- 06- 27,"2,581.39","2,581.02","2,582.00","2,568.52",538.51M
2023- 06- 26,"2,582.20","2,568.65","2,585.31","2,562.03",481.75M
2023- 06- 23,"2,570.10","2,599.04","2,600.81","2,568.07",528.31M
2023- 06- 22,"2,593.70","2,575.65","2,597.76","2,575.65",613.22M
2023- 06- 21,"2,582.63","2,599.19","2,600.97","2,579.52",659.80M
2023- 06- 20,"2,604.91","2,602.83","2,610.03","2,596.82",722.54M
2023- 06- 19,"2,609.50","2,618.06","2,619.44","2,600.49",719.55M
2023- 06- 16,"2,625.79","2,623.57","2,625.79","2,612.21",673.67M
2023- 06- 15,"2,608.54","2,629.24","2,634.22","2,602.52",582.44M
2023- 06- 14,"2,619.08","2,640.81","2,642.86","2,614.25",654.40M
2023- 06- 13,"2,637.95","2,644.43","2,645.62","2,633.52",694.32M
2023- 06- 12,"2,629.35","2,647.49","2,650.45","2,623.43",557.06M
2023- 06- 09,"2,641.16","2,624.15","2,644.70","2,618.45",583.22M
2023- 06- 08,"2,610.85","2,609.21","2,612.39","2,595.33",581.32M
2023- 06- 07,"2,615.60","2,623.46","2,629.92","2,613.68",537.62M
2023- 06- 05,"2,615.41","2,617.43","2,618.62","2,608.01",545.88M
2023- 06- 02,"2,601.36","2,586.27","2,601.38","2,583.88",569.62M
2023- 06- 01,"2,569.17","2,572.56","2,580.15","2,565.00",675.23M
2023- 05- 31,"2,577.12","2,586.03","2,596.31","2,575.98",686.19M
2023- 05- 30,"2,585.52","2,582.41","2,586.22","2,574.82",641.65M
2023- 05- 26,"2,558.81","2,561.94","2,567.50","2,553.79",634.76M
2023- 05- 25,"2,554.69","2,570.64","2,575.05","2,551.49",917.55M
2023- 05- 24,"2,567.45","2,557.11","2,572.21","2,555.04",1.07B
2023- 05- 23,"2,567.55","2,565.80","2,577.32","2,561.10",576.04M
2023- 05- 22,"2,557.08","2,540.03","2,564.09","2,533.50",593.62M
2023- 05- 19,"2,537.79","2,530.83","2,538.31","2,524.89",570.10M
2023- 05- 18,"2,515.40","2,511.09","2,515.40","2,500.01",572.76M
2023- 05- 17,"2,494.66","2,479.65","2,498.37","2,475.02",564.41M
2023- 05- 16,"2,480.24","2,494.40","2,498.54","2,474.90",628.74M
2023- 05- 15,"2,479.35","2,469.80","2,479.35","2,455.99",484.56M
2023- 05- 12,"2,475.42","2,487.35","2,487.35","2,472.45",798.23M
2023- 05- 11,"2,491.00","2,505.57","2,513.82","2,490.08",648.13M
2023- 05- 10,"2,496.51","2,505.96","2,510.13","2,488.42",635.64M
2023- 05- 09,"2,510.06","2,512.34","2,514.81","2,495.63",751.65M
2023- 05- 08,"2,513.21","2,518.53","2,525.84","2,511.13",655.54M
2023- 05- 04,"2,500.94","2,494.82","2,502.14","2,486.09",810.18M
2023- 05- 03,"2,501.40","2,510.19","2,514.37","2,497.83",889.61M
2023- 05- 02,"2,524.39","2,504.01","2,524.42","2,503.21",701.40M
2023- 04- 28,"2,501.53","2,511.79","2,517.13","2,489.58",777.53M
2023- 04- 27,"2,495.81","2,484.31","2,499.01","2,465.83",733.50M
2023- 04- 26,"2,484.83","2,489.49","2,498.56","2,481.38",1.09B
2023- 04- 25,"2,489.02","2,531.35","2,531.35","2,472.33",886.42M
2023- 04- 24,"2,523.50","2,538.36","2,541.89","2,518.73",927.19M
2023- 04- 21,"2,544.40","2,556.70","2,559.44","2,532.32",970.40M
2023- 04- 20,"2,563.11","2,566.06","2,573.94","2,552.06",951.42M
2023- 04- 19,"2,575.08","2,570.06","2,582.11","2,568.46",956.99M
2023- 04- 18,"2,571.09","2,582.23","2,582.23","2,557.19",896.93M
2023- 04- 17,"2,575.91","2,570.30","2,577.08","2,561.14",775.75M
2023- 04- 14,"2,571.49","2,580.10","2,581.74","2,560.53",892.45M
2023- 04- 13,"2,561.66","2,534.71","2,561.66","2,531.07",841.72M
2023- 04- 12,"2,550.64","2,546.36","2,561.37","2,536.23",900.75M
2023- 04- 11,"2,547.86","2,523.33","2,550.97","2,514.42",768.18M
2023- 04- 10,"2,512.08","2,491.68","2,519.99","2,490.17",717.65M
2023- 04- 07,"2,490.41","2,478.64","2,493.06","2,473.89",586.99M
2023- 04- 06,"2,459.23","2,488.00","2,488.00","2,458.50",751.38M
2023- 04- 05,"2,495.21","2,482.61","2,497.61","2,478.67",632.72M
2023- 04- 04,"2,480.51","2,475.87","2,489.71","2,472.79",832.56M
2023- 04- 03,"2,472.34","2,485.81","2,485.81","2,467.59",811.72M
2023- 03- 31,"2,476.86","2,459.94","2,481.24","2,456.54",722.61M
2023- 03- 30,"2,453.16","2,452.97","2,462.70","2,439.43",629.05M
2023- 03- 29,"2,443.92","2,432.63","2,443.95","2,428.61",497.22M
2023- 03- 28,"2,434.94","2,418.69","2,434.94","2,415.34",524.02M
2023- 03- 27,"2,409.22","2,423.94","2,423.94","2,395.97",472.85M
2023- 03- 24,"2,414.96","2,421.27","2,423.76","2,399.49",470.66M
2023- 03- 23,"2,424.48","2,398.27","2,424.48","2,397.91",567.70M
2023- 03- 22,"2,416.96","2,411.25","2,417.47","2,402.78",501.41M
2023- 03- 21,"2,388.35","2,396.54","2,399.52","2,383.17",355.20M
2023- 03- 20,"2,379.20","2,391.87","2,405.99","2,378.70",346.03M
2023- 03- 17,"2,395.69","2,403.70","2,405.35","2,382.80",364.18M
2023- 03- 16,"2,377.91","2,357.98","2,382.79","2,346.11",320.19M
2023- 03- 15,"2,379.72","2,380.09","2,395.36","2,370.77",443.75M
2023- 03- 14,"2,348.97","2,390.36","2,390.78","2,348.19",485.08M
2023- 03- 13,"2,410.60","2,400.45","2,413.24","2,369.79",380.74M
2023- 03- 10,"2,394.59","2,389.82","2,400.87","2,383.19",413.41M
2023- 03- 09,"2,419.09","2,440.79","2,444.20","2,416.25",476.38M
2023- 03- 08,"2,431.91","2,435.58","2,442.61","2,426.52",438.36M
2023- 03- 07,"2,463.35","2,457.04","2,475.73","2,455.65",450.48M
2023- 03- 06,"2,462.62","2,452.46","2,464.45","2,441.07",418.81M
2023- 03- 03,"2,432.07","2,438.73","2,442.10","2,423.08",371.88M
2023- 03- 02,"2,427.85","2,414.61","2,440.59","2,411.85",428.34M
2023- 02- 28,"2,412.85","2,417.58","2,431.67","2,407.29",529.79M
2023- 02- 27,"2,402.64","2,405.42","2,405.56","2,383.76",357.22M
2023- 02- 24,"2,423.61","2,442.49","2,452.97","2,421.47",369.90M
2023- 02- 23,"2,439.09","2,430.01","2,449.62","2,422.62",400.99M
2023- 02- 22,"2,417.68","2,430.87","2,435.98","2,416.16",427.48M
2023- 02- 21,"2,458.96","2,457.51","2,466.07","2,446.00",494.66M
2023- 02- 20,"2,455.12","2,453.25","2,463.17","2,430.27",390.01M
2023- 02- 17,"2,451.21","2,447.66","2,471.51","2,445.74",514.05M
2023- 02- 16,"2,475.48","2,444.06","2,475.99","2,442.07",388.03M
2023- 02- 15,"2,427.90","2,473.09","2,473.44","2,424.16",387.07M
2023- 02- 14,"2,465.64","2,471.33","2,480.34","2,459.83",349.43M
2023- 02- 13,"2,452.70","2,461.96","2,462.58","2,440.86",486.40M
2023- 02- 10,"2,469.73","2,470.65","2,473.80","2,454.74",662.37M
2023- 02- 09,"2,481.52","2,470.66","2,487.14","2,466.61",610.69M
2023- 02- 08,"2,483.64","2,469.42","2,487.35","2,465.96",415.68M
2023- 02- 07,"2,451.71","2,440.14","2,456.17","2,432.40",451.16M
2023- 02- 06,"2,438.19","2,461.82","2,469.42","2,438.04",566.82M
2023- 02- 03,"2,480.40","2,466.54","2,485.08","2,460.21",496.86M
2023- 02- 02,"2,468.88","2,481.94","2,486.20","2,454.60",693.12M
2023- 02- 01,"2,449.80","2,446.03","2,453.29","2,433.37",666.30M
2023- 01- 31,"2,425.08","2,449.92","2,457.48","2,423.37",617.20M
2023- 01- 30,"2,450.47","2,484.64","2,491.13","2,446.59",475.41M
2023- 01- 27,"2,484.02","2,474.52","2,497.40","2,464.53",509.29M
2023- 01- 26,"2,468.65","2,436.18","2,468.65","2,426.40",486.83M
2023- 01- 25,"2,428.57","2,426.58","2,432.71","2,421.51",550.09M
2023- 01- 20,"2,395.26","2,380.00","2,395.97","2,372.57",302.51M
2023- 01- 19,"2,380.34","2,354.56","2,380.34","2,354.56",370.10M
2023- 01- 18,"2,368.32","2,380.36","2,383.00","2,356.84",537.39M
2023- 01- 17,"2,379.39","2,400.92","2,404.00","2,374.65",536.81M
2023- 01- 16,"2,399.86","2,390.06","2,410.22","2,387.61",517.76M
2023- 01- 13,"2,386.09","2,377.34","2,397.01","2,375.78",862.23M
2023- 01- 12,"2,365.10","2,376.72","2,377.80","2,358.33",580.43M
2023- 01- 11,"2,359.53","2,364.05","2,369.66","2,350.36",369.01M
2023- 01- 10,"2,351.31","2,348.04","2,370.18","2,344.18",359.91M
2023- 01- 09,"2,350.19","2,315.87","2,351.06","2,312.56",342.10M
2023- 01- 06,"2,289.97","2,253.40","2,300.62","2,253.27",398.61M
2023- 01- 05,"2,264.65","2,268.20","2,281.39","2,252.97",430.98M
2023- 01- 04,"2,255.98","2,205.98","2,260.06","2,198.82",412.84M
2023- 01- 03,"2,218.68","2,230.98","2,230.98","2,180.67",410.24M
2023- 01- 02,"2,225.67","2,249.95","2,259.88","2,222.37",346.34M
2022- 12- 29,"2,236.40","2,265.73","2,272.67","2,236.38",361.19M
2022- 12- 28,"2,280.45","2,296.45","2,296.45","2,276.90",405.89M
2022- 12- 27,"2,332.79","2,327.52","2,335.99","2,321.48",448.50M
2022- 12- 26,"2,317.14","2,312.54","2,321.92","2,304.20",427.84M
2022- 12- 23,"2,313.69","2,325.86","2,333.08","2,311.90",366.99M
2022- 12- 22,"2,356.73","2,340.00","2,356.73","2,335.75",553.05M
2022- 12- 21,"2,328.95","2,346.39","2,347.00","2,325.78",329.72M
2022- 12- 20,"2,333.29","2,344.73","2,353.86","2,324.66",358.77M
2022- 12- 19,"2,352.17","2,350.78","2,358.76","2,342.28",323.99M
2022- 12- 16,"2,360.02","2,329.75","2,360.44","2,326.83",414.17M
2022- 12- 15,"2,360.97","2,383.83","2,392.11","2,360.95",375.39M
2022- 12- 14,"2,399.25","2,380.81","2,400.18","2,379.44",409.80M
2022- 12- 13,"2,372.40","2,385.05","2,388.27","2,364.87",447.56M
2022- 12- 12,"2,373.02","2,373.58","2,381.87","2,368.47",499.22M
2022- 12- 09,"2,389.04","2,382.73","2,390.08","2,367.25",315.67M
2022- 12- 08,"2,371.08","2,386.90","2,387.95","2,357.20",351.94M
2022- 12- 07,"2,382.81","2,385.87","2,394.88","2,377.98",332.59M
2022- 12- 06,"2,393.16","2,397.70","2,416.88","2,390.20",368.64M
2022- 12- 05,"2,419.32","2,442.17","2,442.22","2,413.05",385.59M
2022- 12- 02,"2,434.33","2,471.50","2,471.50","2,434.33",468.85M
2022- 12- 01,"2,479.84","2,501.43","2,501.43","2,474.33",491.38M
2022- 11- 30,"2,472.53","2,424.44","2,472.53","2,421.42",594.13M
2022- 11- 29,"2,433.39","2,405.54","2,433.87","2,401.10",550.17M
2022- 11- 28,"2,408.27","2,425.05","2,425.65","2,401.95",350.50M
2022- 11- 25,"2,437.86","2,442.21","2,449.66","2,433.57",438.39M
2022- 11- 24,"2,441.33","2,437.51","2,441.33","2,428.12",481.18M
2022- 11- 23,"2,418.01","2,424.36","2,427.28","2,407.58",474.79M
2022- 11- 22,"2,405.27","2,405.96","2,426.40","2,401.50",539.17M
2022- 11- 21,"2,419.50","2,446.05","2,448.14","2,409.36",544.53M
2022- 11- 18,"2,444.48","2,448.13","2,471.87","2,442.87",589.59M
2022- 11- 17,"2,442.90","2,466.50","2,467.39","2,442.90",914.52M
2022- 11- 16,"2,477.45","2,487.00","2,487.00","2,446.79",657.83M
2022- 11- 15,"2,480.33","2,482.76","2,485.20","2,463.65",617.40M
2022- 11- 14,"2,474.65","2,485.18","2,499.43","2,470.60",731.17M
2022- 11- 11,"2,483.16","2,466.90","2,486.46","2,463.51",758.25M
2022- 11- 10,"2,402.23","2,405.77","2,426.10","2,401.99",899.13M
2022- 11- 09,"2,424.41","2,408.54","2,429.65","2,403.64",680.72M
2022- 11- 08,"2,399.04","2,387.20","2,400.39","2,375.67",500.09M
2022- 11- 07,"2,371.79","2,360.22","2,373.28","2,354.22",392.51M
2022- 11- 04,"2,348.43","2,325.85","2,348.43","2,316.29",436.43M
2022- 11- 03,"2,329.17","2,297.45","2,342.86","2,296.44",550.43M
2022- 11- 02,"2,336.87","2,326.05","2,346.32","2,323.37",450.63M
2022- 11- 01,"2,335.22","2,301.58","2,335.57","2,297.57",597.20M
2022- 10- 31,"2,293.61","2,293.75","2,295.51","2,273.73",401.40M
2022- 10- 28,"2,268.40","2,276.73","2,292.65","2,266.44",427.24M
2022- 10- 27,"2,288.78","2,266.07","2,290.56","2,262.02",587.87M
2022- 10- 26,"2,249.56","2,240.70","2,258.11","2,234.49",563.44M
2022- 10- 25,"2,235.07","2,237.04","2,253.24","2,230.75",456.77M
2022- 10- 24,"2,236.16","2,248.26","2,256.67","2,229.85",444.82M
2022- 10- 21,"2,213.12","2,210.59","2,224.04","2,204.64",637.49M
2022- 10- 20,"2,218.09","2,225.53","2,231.52","2,200.44",1.11B
2022- 10- 19,"2,237.44","2,249.35","2,266.80","2,234.59",895.16M
2022- 10- 18,"2,249.95","2,249.15","2,251.74","2,220.71",580.89M
2022- 10- 17,"2,219.71","2,187.17","2,221.05","2,177.66",498.78M
2022- 10- 14,"2,212.55","2,200.66","2,220.54","2,193.63",513.52M
2022- 10- 13,"2,162.87","2,198.29","2,198.34","2,162.87",792.45M
2022- 10- 12,"2,202.47","2,191.35","2,205.02","2,181.65",658.35M
2022- 10- 11,"2,192.07","2,193.02","2,193.05","2,174.06",859.51M
2022- 10- 07,"2,232.84","2,217.84","2,245.88","2,215.08",428.68M
2022- 10- 06,"2,237.86","2,230.43","2,250.87","2,223.36",643.01M
2022- 10- 05,"2,215.22","2,248.85","2,253.93","2,204.03",855.79M
2022- 10- 04,"2,209.38","2,189.51","2,212.38","2,180.84",421.00M
2022- 09- 30,"2,155.49","2,161.11","2,177.20","2,134.77",950.27M
2022- 09- 29,"2,170.93","2,197.75","2,210.61","2,170.14",508.50M
2022- 09- 28,"2,169.29","2,206.15","2,223.56","2,151.60",596.14M
2022- 09- 27,"2,223.86","2,224.39","2,227.35","2,197.90",487.94M
2022- 09- 26,"2,220.94","2,260.80","2,260.80","2,215.36",622.00M
2022- 09- 23,"2,290.00","2,331.33","2,334.06","2,285.71",446.46M
2022- 09- 22,"2,332.31","2,319.70","2,335.11","2,309.10",446.82M
2022- 09- 21,"2,347.21","2,351.54","2,360.27","2,341.79",378.16M
2022- 09- 20,"2,367.85","2,373.64","2,382.52","2,359.84",419.34M
2022- 09- 19,"2,355.66","2,388.73","2,389.85","2,352.76",403.94M
2022- 09- 16,"2,382.78","2,387.56","2,395.10","2,371.11",440.80M
2022- 09- 15,"2,401.83","2,416.01","2,421.63","2,401.83",424.11M
2022- 09- 14,"2,411.42","2,390.47","2,418.42","2,381.50",461.51M
2022- 09- 13,"2,449.54","2,418.59","2,453.95","2,418.59",367.10M
2022- 09- 08,"2,384.28","2,393.27","2,394.06","2,379.06",423.62M
2022- 09- 07,"2,376.46","2,395.66","2,398.40","2,365.35",378.20M
2022- 09- 06,"2,410.02","2,409.72","2,422.53","2,399.26",294.22M
2022- 09- 05,"2,403.68","2,410.07","2,424.77","2,392.63",354.74M
2022- 09- 02,"2,409.41","2,427.70","2,432.37","2,402.67",391.60M
2022- 09- 01,"2,415.61","2,443.00","2,443.61","2,415.61",580.02M
2022- 08- 31,"2,472.05","2,433.47","2,473.75","2,426.14",436.25M
2022- 08- 30,"2,450.93","2,441.21","2,453.91","2,433.48",336.56M
2022- 08- 29,"2,426.89","2,432.06","2,432.89","2,417.01",448.75M
2022- 08- 26,"2,481.03","2,489.14","2,497.76","2,476.75",520.09M
2022- 08- 25,"2,477.26","2,459.79","2,477.26","2,455.32",426.23M
2022- 08- 24,"2,447.45","2,446.18","2,454.01","2,430.69",423.50M
2022- 08- 23,"2,435.34","2,449.31","2,454.55","2,431.83",471.17M
2022- 08- 22,"2,462.50","2,467.38","2,475.77","2,457.08",422.55M
2022- 08- 19,"2,492.69","2,510.72","2,510.72","2,492.69",459.83M
2022- 08- 18,"2,508.05","2,499.30","2,515.37","2,488.09",381.63M
2022- 08- 17,"2,516.47","2,536.57","2,543.15","2,512.01",418.05M
2022- 08- 16,"2,533.52","2,543.05","2,546.35","2,532.20",398.34M
2022- 08- 12,"2,527.94","2,519.66","2,533.20","2,514.31",445.55M
2022- 08- 11,"2,523.78","2,507.74","2,523.78","2,506.41",505.24M
2022- 08- 10,"2,480.88","2,493.70","2,494.15","2,478.21",479.47M
2022- 08- 09,"2,503.46","2,493.57","2,506.49","2,481.36",454.36M
2022- 08- 08,"2,493.10","2,481.17","2,494.00","2,477.76",418.23M
2022- 08- 05,"2,490.80","2,481.43","2,497.58","2,480.05",409.78M
2022- 08- 04,"2,473.11","2,478.44","2,478.95","2,465.32",399.96M
2022- 08- 03,"2,461.45","2,438.56","2,461.45","2,433.12",475.30M
2022- 08- 02,"2,439.62","2,451.00","2,451.07","2,428.76",549.92M
2022- 08- 01,"2,452.25","2,444.05","2,461.40","2,437.13",487.16M
2022- 07- 29,"2,451.50","2,453.53","2,463.05","2,442.01",499.37M
2022- 07- 28,"2,435.27","2,437.57","2,443.43","2,429.07",491.07M
2022- 07- 27,"2,415.53","2,412.52","2,415.53","2,396.19",333.59M
2022- 07- 26,"2,412.96","2,397.27","2,415.39","2,395.17",415.67M
2022- 07- 25,"2,403.69","2,385.65","2,412.47","2,385.65",323.09M
2022- 07- 22,"2,393.14","2,405.37","2,417.91","2,391.48",381.60M
2022- 07- 21,"2,409.16","2,387.91","2,411.96","2,387.91",295.62M
2022- 07- 20,"2,386.85","2,406.29","2,410.06","2,382.65",333.33M
2022- 07- 19,"2,370.97","2,367.52","2,372.74","2,359.59",339.38M
2022- 07- 18,"2,375.25","2,350.48","2,376.50","2,344.12",324.36M
2022- 07- 15,"2,330.98","2,335.12","2,337.30","2,293.45",319.68M
2022- 07- 14,"2,322.32","2,316.41","2,338.29","2,307.69",349.14M
2022- 07- 13,"2,328.61","2,324.45","2,341.19","2,312.49",308.81M
2022- 07- 12,"2,317.76","2,330.88","2,333.02","2,303.74",379.31M
2022- 07- 11,"2,340.27","2,357.43","2,363.26","2,337.82",377.11M
2022- 07- 08,"2,350.61","2,352.49","2,367.84","2,348.74",411.42M
2022- 07- 07,"2,334.27","2,308.97","2,344.14","2,307.90",340.17M
2022- 07- 06,"2,292.01","2,330.11","2,332.14","2,290.33",410.73M
2022- 07- 05,"2,341.78","2,322.11","2,344.08","2,309.62",323.90M
2022- 07- 04,"2,300.34","2,310.73","2,318.31","2,276.63",467.96M
2022- 07- 01,"2,305.42","2,342.92","2,354.97","2,291.49",530.34M
2022- 06- 30,"2,332.64","2,368.57","2,368.57","2,332.59",515.40M
2022- 06- 29,"2,377.99","2,387.10","2,393.25","2,375.45",422.13M
2022- 06- 28,"2,422.09","2,405.20","2,422.10","2,393.96",564.99M
2022- 06- 27,"2,401.92","2,383.20","2,418.94","2,365.86",510.59M
2022- 06- 24,"2,366.60","2,327.11","2,373.48","2,319.99",654.44M
2022- 06- 23,"2,314.32","2,347.84","2,361.23","2,306.48",749.66M
2022- 06- 22,"2,342.81","2,417.11","2,418.05","2,342.81",532.14M
2022- 06- 21,"2,408.93","2,402.99","2,423.48","2,385.60",479.68M
2022- 06- 20,"2,391.03","2,449.89","2,449.89","2,372.35",592.70M
2022- 06- 17,"2,440.93","2,409.72","2,441.34","2,396.47",634.90M
2022- 06- 16,"2,451.41","2,481.66","2,500.36","2,447.33",584.04M
2022- 06- 15,"2,447.38","2,490.01","2,495.54","2,436.04",714.14M
2022- 06- 14,"2,492.97","2,472.96","2,503.17","2,457.39",671.76M
2022- 06- 13,"2,504.51","2,550.21","2,550.32","2,504.51",660.31M
2022- 06- 10,"2,595.87","2,596.37","2,602.80","2,583.74",724.09M
2022- 06- 09,"2,625.44","2,618.92","2,627.88","2,606.61",814.88M
2022- 06- 08,"2,626.15","2,633.53","2,639.52","2,621.96",576.39M
2022- 06- 07,"2,626.34","2,659.27","2,662.04","2,622.78",524.71M
2022- 06- 03,"2,670.65","2,679.57","2,681.51","2,663.00",562.47M
2022- 06- 02,"2,658.99","2,670.74","2,674.00","2,653.59",525.26M
2022- 05- 31,"2,685.90","2,666.88","2,685.90","2,654.32",671.68M
2022- 05- 30,"2,669.66","2,662.31","2,672.74","2,654.18",469.80M
2022- 05- 27,"2,638.05","2,640.75","2,644.71","2,631.49",590.81M
2022- 05- 26,"2,612.45","2,616.99","2,641.91","2,602.01",595.85M
2022- 05- 25,"2,617.22","2,621.75","2,630.17","2,602.94",712.61M
2022- 05- 24,"2,605.87","2,638.94","2,646.99","2,605.87",851.24M
2022- 05- 23,"2,647.38","2,651.63","2,653.87","2,634.29",644.20M
2022- 05- 20,"2,639.29","2,605.78","2,641.68","2,605.38",755.65M
2022- 05- 19,"2,592.34","2,576.24","2,597.79","2,568.54",677.60M
2022- 05- 18,"2,625.98","2,634.75","2,644.13","2,618.00",870.27M
2022- 05- 17,"2,620.44","2,603.58","2,621.84","2,603.58",873.52M
2022- 05- 16,"2,596.58","2,624.69","2,629.20","2,593.61",780.20M
2022- 05- 13,"2,604.24","2,570.01","2,605.84","2,565.96",788.54M
2022- 05- 12,"2,550.08","2,569.50","2,591.57","2,546.80",900.33M
2022- 05- 11,"2,592.27","2,586.52","2,599.11","2,579.09",679.51M
2022- 05- 10,"2,596.56","2,590.13","2,602.75","2,553.01",841.46M
2022- 05- 09,"2,610.81","2,634.32","2,642.75","2,606.08",892.65M
2022- 05- 06,"2,644.51","2,650.89","2,652.51","2,635.97",1.33B
2022- 05- 04,"2,677.57","2,690.45","2,696.03","2,667.23",1.18B
2022- 05- 03,"2,680.46","2,690.16","2,702.10","2,680.46",883.40M
2022- 05- 02,"2,687.45","2,669.21","2,689.91","2,667.85",873.72M
2022- 04- 29,"2,695.05","2,669.18","2,696.10","2,664.06",962.40K
2022- 04- 28,"2,667.49","2,656.54","2,667.49","2,638.37",899.17M
2022- 04- 27,"2,639.06","2,630.58","2,641.82","2,615.50",1.07B
2022- 04- 26,"2,668.31","2,674.00","2,678.05","2,663.83",889.94M
2022- 04- 25,"2,657.13","2,676.67","2,680.35","2,657.04",988.35K
2022- 04- 22,"2,704.71","2,704.72","2,708.58","2,690.48",1.24B
2022- 04- 21,"2,728.21","2,725.71","2,737.54","2,725.04",1.00B
2022- 04- 20,"2,718.69","2,718.49","2,724.46","2,702.84",1.74B
2022- 04- 19,"2,718.89","2,707.76","2,723.98","2,705.32",1.26B
2022- 04- 18,"2,693.21","2,685.04","2,701.11","2,681.37",1.02B
2022- 04- 15,"2,696.06","2,695.52","2,705.41","2,685.01",693.72M
2022- 04- 14,"2,716.71","2,719.34","2,720.30","2,702.61",665.35M
2022- 04- 13,"2,716.49","2,677.53","2,717.63","2,672.60",733.24M
2022- 04- 12,"2,666.76","2,674.17","2,685.08","2,658.40",870.97M
2022- 04- 11,"2,693.10","2,687.54","2,711.02","2,683.96",742.60M
2022- 04- 08,"2,700.39","2,706.64","2,712.00","2,685.52",948.36M
2022- 04- 07,"2,695.86","2,714.70","2,718.50","2,693.36",999.28M
2022- 04- 06,"2,735.03","2,739.07","2,747.85","2,730.66",1.32B
2022- 04- 05,"2,759.20","2,765.50","2,769.18","2,750.50",1.61B
2022- 04- 04,"2,757.90","2,729.86","2,758.38","2,722.45",1.02B
2022- 04- 01,"2,739.85","2,745.85","2,745.85","2,729.68",1.31B
2022- 03- 31,"2,757.65","2,743.24","2,765.20","2,743.20",1.03B
2022- 03- 30,"2,746.74","2,758.31","2,760.60","2,740.02",824.51K
2022- 03- 29,"2,741.07","2,745.62","2,754.18","2,733.22",732.16M
2022- 03- 28,"2,729.56","2,721.22","2,737.46","2,707.74",768.04M
2022- 03- 25,"2,729.98","2,740.83","2,740.95","2,722.36",602.77M
2022- 03- 24,"2,729.66","2,716.25","2,729.66","2,705.14",960.90M
2022- 03- 23,"2,735.05","2,727.12","2,742.27","2,720.83",883.37M
2022- 03- 22,"2,710.00","2,686.68","2,712.14","2,686.58",489.44M
2022- 03- 21,"2,686.05","2,717.81","2,717.81","2,683.69",502.40M
2022- 03- 18,"2,707.02","2,695.64","2,708.16","2,688.71",644.02M
2022- 03- 17,"2,694.51","2,703.27","2,714.00","2,694.51",546.08M
2022- 03- 16,"2,659.23","2,649.85","2,659.90","2,630.03",736.35M
2022- 03- 15,"2,621.53","2,630.31","2,641.97","2,615.08",604.18M
2022- 03- 14,"2,645.65","2,654.93","2,661.76","2,633.31",636.32M
2022- 03- 11,"2,661.28","2,665.95","2,672.62","2,647.28",797.03M
2022- 03- 10,"2,680.32","2,660.86","2,682.79","2,660.86",613.81M
2022- 03- 08,"2,622.40","2,617.33","2,647.18","2,605.81",540.37M
2022- 03- 07,"2,651.31","2,680.17","2,680.17","2,644.10",571.56M
2022- 03- 04,"2,713.43","2,736.58","2,736.58","2,702.34",765.68M
2022- 03- 03,"2,747.08","2,729.86","2,748.21","2,726.35",614.51M
2022- 03- 02,"2,703.52","2,698.31","2,716.46","2,692.24",527.95M
2022- 02- 28,"2,699.18","2,663.00","2,699.18","2,658.25",613.47M
2022- 02- 25,"2,676.76","2,678.47","2,694.81","2,665.96",664.35M
2022- 02- 24,"2,648.80","2,689.28","2,694.55","2,642.63",926.40M
2022- 02- 23,"2,719.53","2,727.43","2,729.56","2,705.31",537.84M
2022- 02- 22,"2,706.79","2,705.08","2,721.84","2,690.09",648.40M
2022- 02- 21,"2,743.80","2,706.65","2,746.62","2,694.90",495.30M
2022- 02- 18,"2,744.52","2,714.52","2,747.08","2,711.88",513.52M
2022- 02- 17,"2,744.09","2,735.11","2,770.66","2,711.99",611.42M
2022- 02- 16,"2,729.68","2,719.61","2,730.43","2,711.34",422.37M
2022- 02- 15,"2,676.54","2,712.45","2,716.45","2,665.47",589.04M
2022- 02- 14,"2,704.48","2,715.10","2,724.72","2,688.24",616.34M
2022- 02- 11,"2,747.71","2,739.14","2,766.70","2,735.08",480.52M
2022- 02- 10,"2,771.93","2,787.44","2,788.27","2,761.76",509.61M
2022- 02- 09,"2,768.85","2,772.63","2,773.38","2,753.51",539.12M
2022- 02- 08,"2,746.47","2,767.76","2,779.85","2,726.72",560.53M
2022- 02- 07,"2,745.06","2,750.70","2,750.70","2,718.94",417.84M
2022- 02- 04,"2,750.26","2,714.83","2,751.80","2,712.87",536.15M
2022- 02- 03,"2,707.82","2,706.34","2,735.34","2,702.78",435.71M
2022- 01- 28,"2,663.34","2,617.87","2,668.59","2,591.53",434.19M
2022- 01- 27,"2,614.49","2,709.24","2,722.86","2,614.49",487.73M
2022- 01- 26,"2,709.24","2,729.75","2,744.14","2,708.10",472.65M
2022- 01- 25,"2,720.39","2,786.41","2,789.62","2,703.99",639.96M
2022- 01- 24,"2,792.00","2,823.76","2,828.11","2,780.68",473.99M
2022- 01- 21,"2,834.29","2,837.49","2,847.95","2,817.11",532.75M
2022- 01- 20,"2,862.68","2,842.28","2,862.70","2,830.97",395.67M
2022- 01- 19,"2,842.28","2,840.34","2,871.79","2,832.18",463.83M
2022- 01- 18,"2,864.24","2,898.98","2,902.79","2,857.26",554.04M
2022- 01- 17,"2,890.10","2,918.55","2,919.67","2,875.98",593.26M
2022- 01- 14,"2,921.92","2,937.61","2,944.97","2,914.73",532.67M
2022- 01- 13,"2,962.09","2,979.91","2,982.14","2,958.39",604.87M
2022- 01- 12,"2,972.48","2,950.78","2,972.58","2,950.31",519.50M
2022- 01- 11,"2,927.38","2,930.93","2,943.57","2,909.82",566.17M
2022- 01- 10,"2,926.72","2,947.37","2,951.12","2,910.90",477.40M
2022- 01- 07,"2,954.89","2,933.78","2,959.03","2,933.10",546.17M
2022- 01- 06,"2,920.53","2,925.40","2,952.54","2,915.38",786.04M
2022- 01- 05,"2,953.97","2,984.05","2,986.20","2,936.73",787.35M
2022- 01- 04,"2,989.24","2,991.97","2,995.25","2,973.08",621.55M
2022- 01- 03,"2,988.77","2,998.32","3,010.77","2,979.42",435.82M
2021- 12- 30,"2,977.65","2,999.75","3,005.36","2,975.74",461.04M
2021- 12- 29,"2,993.29","3,002.90","3,007.72","2,988.67",545.83M
2021- 12- 28,"3,020.24","3,006.77","3,020.29","2,991.55",607.05M
2021- 12- 27,"2,999.55","3,013.94","3,017.31","2,999.30",475.36M
2021- 12- 24,"3,012.43","3,009.48","3,025.77","3,009.48",537.55M
2021- 12- 23,"2,998.17","2,998.02","3,000.70","2,980.91",483.84M
2021- 12- 22,"2,984.48","2,993.50","3,000.79","2,976.65",461.76M
2021- 12- 21,"2,975.03","2,981.67","2,984.56","2,955.90",410.98M
2021- 12- 20,"2,963.00","3,001.33","3,001.33","2,962.07",377.58M
2021- 12- 17,"3,017.73","2,985.20","3,017.73","2,984.19",451.82M
2021- 12- 16,"3,006.41","3,013.26","3,018.20","2,989.63",402.82M
2021- 12- 15,"2,989.39","2,979.83","2,992.30","2,973.00",432.87M
2021- 12- 14,"2,987.95","2,983.95","3,001.70","2,976.16",581.57M
2021- 12- 13,"3,001.66","3,019.67","3,043.83","3,000.51",375.83M
2021- 12- 10,"3,010.23","3,008.70","3,017.64","2,998.29",451.60M
2021- 12- 09,"3,029.57","3,007.00","3,029.57","3,001.55",513.44M
2021- 12- 08,"3,001.80","3,017.93","3,036.13","2,995.34",488.25M
2021- 12- 07,"2,991.72","2,973.84","2,992.31","2,960.90",541.37M
2021- 12- 06,"2,973.25","2,954.82","2,983.50","2,932.49",479.91M
2021- 12- 03,"2,968.33","2,935.93","2,975.44","2,927.55",486.75M
2021- 12- 02,"2,945.27","2,874.64","2,945.27","2,874.64",534.46M
2021- 12- 01,"2,899.72","2,860.12","2,905.74","2,837.03",563.93M
2021- 11- 30,"2,839.01","2,932.71","2,942.93","2,822.73",983.56M
2021- 11- 29,"2,909.32","2,906.15","2,930.22","2,890.78",844.40M
2021- 11- 26,"2,936.44","2,973.04","2,985.77","2,930.31",595.60M
2021- 11- 25,"2,980.27","2,996.74","2,996.74","2,973.24",595.97M
2021- 11- 24,"2,994.29","3,006.34","3,017.90","2,981.02",556.64M
2021- 11- 23,"2,997.33","3,013.16","3,016.36","2,992.14",524.23M
2021- 11- 22,"3,013.25","2,983.38","3,018.01","2,980.73",530.96M
2021- 11- 19,"2,971.02","2,951.06","2,974.64","2,948.07",657.09M
2021- 11- 18,"2,947.38","2,959.26","2,964.48","2,937.53",541.65M
2021- 11- 17,"2,962.42","3,004.02","3,004.67","2,957.70",541.49M
2021- 11- 16,"2,997.21","2,995.68","3,011.88","2,985.34",579.65M
2021- 11- 15,"2,999.52","2,989.68","3,003.71","2,979.96",639.40M
2021- 11- 12,"2,968.80","2,945.95","2,973.84","2,938.27",665.73M
2021- 11- 11,"2,924.92","2,911.41","2,925.19","2,903.72",572.86M
2021- 11- 10,"2,930.17","2,947.46","2,958.61","2,924.36",570.93M
2021- 11- 09,"2,962.46","2,958.15","2,987.28","2,949.17",708.77M
2021- 11- 08,"2,960.20","2,965.36","2,968.18","2,930.90",560.20M
2021- 11- 05,"2,969.27","3,003.53","3,003.53","2,953.96",688.03M
2021- 11- 04,"2,983.22","3,000.92","3,011.56","2,978.07",772.02M
2021- 11- 03,"2,975.71","3,020.36","3,020.87","2,969.01",658.65M
2021- 11- 02,"3,013.49","2,995.58","3,034.30","2,995.58",525.85M
2021- 11- 01,"2,978.94","2,984.18","2,991.81","2,976.87",475.38M
2021- 10- 29,"2,970.68","3,025.67","3,030.17","2,965.40",545.83M
2021- 10- 28,"3,009.55","3,023.17","3,034.42","3,009.55",617.26M
2021- 10- 27,"3,025.49","3,045.83","3,049.02","3,019.00",607.88M
2021- 10- 26,"3,049.08","3,039.82","3,051.65","3,030.53",564.56M
2021- 10- 25,"3,020.54","3,001.10","3,025.27","2,983.29",791.80M
2021- 10- 22,"3,006.16","3,005.36","3,018.70","2,996.26",695.27M
2021- 10- 21,"3,007.33","3,012.28","3,025.88","3,002.74",887.37M
2021- 10- 20,"3,013.13","3,043.13","3,047.24","3,012.97",680.33M
2021- 10- 19,"3,029.04","3,022.23","3,034.53","3,014.19",845.70M
2021- 10- 18,"3,006.68","3,017.48","3,021.17","2,990.44",926.37M
2021- 10- 15,"3,015.06","3,012.62","3,021.90","2,999.33",857.80M
2021- 10- 14,"2,988.64","2,968.87","2,988.97","2,962.33",617.17M
2021- 10- 13,"2,944.41","2,913.34","2,953.33","2,909.47",752.13M
2021- 10- 12,"2,916.38","2,950.22","2,950.94","2,901.51",660.18M
2021- 10- 08,"2,956.30","2,977.82","2,978.08","2,949.01",668.95M
2021- 10- 07,"2,959.46","2,936.87","2,961.53","2,927.60",595.38M
2021- 10- 06,"2,908.31","2,986.06","2,993.47","2,908.30",901.72M
2021- 10- 05,"2,962.17","2,998.17","2,998.17","2,940.59",840.56M
2021- 10- 01,"3,019.18","3,056.21","3,062.60","3,015.01",855.48M
2021- 09- 30,"3,068.82","3,054.87","3,079.43","3,046.43",885.82M
2021- 09- 29,"3,060.27","3,055.50","3,069.04","3,030.60",821.56M
2021- 09- 28,"3,097.92","3,133.40","3,134.46","3,095.72",894.91M
2021- 09- 27,"3,133.64","3,121.70","3,146.35","3,119.26",883.23M
2021- 09- 24,"3,125.24","3,140.73","3,146.86","3,119.40",753.22M
2021- 09- 23,"3,127.58","3,123.64","3,131.63","3,107.98",623.84M
2021- 09- 17,"3,140.51","3,127.75","3,142.13","3,112.51",589.24M
2021- 09- 16,"3,130.09","3,165.38","3,167.68","3,126.65",612.87M
2021- 09- 15,"3,153.40","3,147.21","3,164.01","3,138.80",616.56M
2021- 09- 14,"3,148.83","3,137.32","3,164.31","3,137.32",713.23M
2021- 09- 13,"3,127.86","3,117.35","3,139.13","3,109.01",732.27M
2021- 09- 10,"3,125.76","3,121.09","3,131.54","3,103.38",723.08M
2021- 09- 09,"3,114.70","3,146.64","3,158.60","3,111.49",927.37M
2021- 09- 08,"3,162.99","3,178.74","3,187.55","3,157.07",859.89M
2021- 09- 07,"3,187.42","3,200.07","3,201.76","3,176.81",760.16M
2021- 09- 06,"3,203.33","3,196.30","3,206.25","3,186.79",726.19M
2021- 09- 03,"3,201.06","3,189.71","3,203.08","3,181.64",641.51M
2021- 09- 02,"3,175.85","3,198.03","3,204.01","3,171.78",757.86M
2021- 09- 01,"3,207.02","3,195.67","3,215.13","3,185.80",746.71M
2021- 08- 31,"3,199.27","3,144.49","3,199.89","3,130.30",661.22M
2021- 08- 30,"3,144.19","3,160.87","3,164.87","3,132.77",602.86M
2021- 08- 27,"3,133.90","3,116.29","3,143.01","3,106.97",520.67M
2021- 08- 26,"3,128.53","3,151.30","3,159.37","3,121.04",727.72M
2021- 08- 25,"3,146.81","3,148.13","3,161.00","3,124.25",624.69M
2021- 08- 24,"3,138.30","3,119.70","3,142.58","3,115.23",586.53M
2021- 08- 23,"3,090.21","3,086.81","3,111.81","3,064.65",570.98M
2021- 08- 20,"3,060.51","3,111.10","3,122.09","3,049.03",672.09M
2021- 08- 19,"3,097.83","3,140.01","3,158.00","3,097.83",655.63M
2021- 08- 18,"3,158.93","3,141.98","3,175.88","3,124.56",622.79M
2021- 08- 17,"3,143.09","3,169.74","3,179.49","3,134.48",690.84M
2021- 08- 13,"3,171.29","3,205.75","3,209.72","3,146.76",696.47M
2021- 08- 12,"3,208.38","3,213.58","3,229.59","3,202.11",643.28M
2021- 08- 11,"3,220.62","3,235.36","3,250.21","3,217.65",618.09M
2021- 08- 10,"3,243.19","3,272.44","3,272.44","3,232.46",730.35M
2021- 08- 09,"3,260.42","3,258.10","3,275.15","3,251.74",707.65M
2021- 08- 06,"3,270.36","3,277.06","3,288.17","3,261.93",941.36M
2021- 08- 05,"3,276.13","3,283.25","3,296.17","3,273.33",680.94M
2021- 08- 04,"3,280.38","3,246.65","3,283.14","3,237.55",632.24M
2021- 08- 03,"3,237.14","3,221.57","3,237.14","3,213.20",653.51M
2021- 08- 02,"3,223.04","3,218.42","3,223.04","3,194.00",561.00M
2021- 07- 30,"3,202.32","3,234.37","3,234.66","3,202.32",687.86M
2021- 07- 29,"3,242.65","3,248.49","3,252.26","3,232.50",694.82M
2021- 07- 28,"3,236.86","3,226.06","3,243.21","3,210.90",868.60M
2021- 07- 27,"3,232.53","3,244.43","3,252.85","3,230.75",991.94M
2021- 07- 26,"3,224.95","3,265.99","3,265.99","3,224.95",826.07M
2021- 07- 23,"3,254.42","3,253.44","3,264.01","3,246.09",805.05M
2021- 07- 22,"3,250.21","3,235.17","3,253.75","3,235.17",712.98M
2021- 07- 21,"3,215.91","3,251.13","3,252.25","3,215.91",990.33M
2021- 07- 20,"3,232.70","3,223.24","3,234.80","3,214.42",979.67M
2021- 07- 19,"3,244.04","3,258.87","3,258.87","3,236.39",1.10B
2021- 07- 16,"3,276.91","3,282.89","3,282.89","3,259.32",1.07B
2021- 07- 15,"3,286.22","3,269.33","3,286.58","3,263.09",1.17B
2021- 07- 14,"3,264.81","3,270.09","3,270.09","3,250.45",908.95M
2021- 07- 13,"3,271.38","3,253.24","3,273.90","3,253.24",1.15B
2021- 07- 12,"3,246.47","3,227.51","3,251.45","3,227.51",1.14B
2021- 07- 09,"3,217.95","3,245.52","3,245.52","3,188.80",1.31B
2021- 07- 08,"3,252.68","3,287.68","3,295.71","3,252.41",1.52B
2021- 07- 07,"3,285.34","3,303.59","3,303.59","3,277.66",1.15B
2021- 07- 06,"3,305.21","3,295.44","3,313.51","3,295.44",1.03B
2021- 07- 05,"3,293.21","3,285.29","3,298.93","3,285.29",850.41M
2021- 07- 02,"3,281.78","3,282.81","3,295.68","3,278.19",1.02B
2021- 07- 01,"3,282.06","3,297.92","3,300.12","3,278.10",1.16B
2021- 06- 30,"3,296.68","3,288.63","3,305.73","3,288.63",1.61B
2021- 06- 29,"3,286.68","3,305.26","3,305.42","3,276.63",1.21B
2021- 06- 28,"3,301.89","3,305.46","3,311.69","3,291.30",1.43B
2021- 06- 25,"3,302.84","3,289.18","3,316.08","3,289.18",1.20B
2021- 06- 24,"3,286.10","3,281.47","3,292.27","3,277.85",1.30B
2021- 06- 23,"3,276.19","3,265.73","3,281.88","3,263.07",1.07B
2021- 06- 22,"3,263.88","3,245.79","3,267.63","3,245.79",1.67B
2021- 06- 21,"3,240.79","3,264.18","3,264.18","3,225.56",1.51B
2021- 06- 18,"3,267.93","3,265.68","3,275.76","3,262.58",1.63B
2021- 06- 17,"3,264.96","3,276.20","3,276.20","3,251.32",1.85B
2021- 06- 16,"3,278.68","3,259.06","3,281.96","3,256.68",2.35B
2021- 06- 15,"3,258.63","3,253.17","3,262.80","3,247.90",1.73B
2021- 06- 14,"3,252.13","3,249.60","3,254.49","3,238.51",1.66B
2021- 06- 11,"3,249.32","3,226.98","3,251.58","3,226.98",1.65B
2021- 06- 10,"3,224.64","3,216.94","3,235.39","3,210.31",1.90B
2021- 06- 09,"3,216.18","3,245.08","3,246.49","3,216.18",1.96B
2021- 06- 08,"3,247.83","3,251.83","3,264.67","3,242.56",1.95B
2021- 06- 07,"3,252.12","3,244.59","3,264.41","3,233.40",1.73B
2021- 06- 04,"3,240.08","3,246.17","3,246.19","3,218.67",1.39B
2021- 06- 03,"3,247.43","3,224.96","3,258.50","3,224.96",1.58B
2021- 06- 02,"3,224.23","3,224.40","3,241.07","3,216.10",1.50B
2021- 06- 01,"3,221.87","3,207.12","3,233.17","3,199.18",1.47B
2021- 05- 31,"3,203.92","3,192.06","3,204.29","3,179.87",1.12B
2021- 05- 28,"3,188.73","3,172.09","3,198.66","3,171.85",966.37M
2021- 05- 27,"3,165.51","3,170.84","3,173.86","3,142.37",1.08B
2021- 05- 26,"3,168.43","3,171.91","3,183.97","3,160.30",1.27B
2021- 05- 25,"3,171.32","3,152.93","3,173.10","3,148.30",612.98M
2021- 05- 24,"3,144.30","3,155.91","3,163.27","3,137.81",587.97M
2021- 05- 21,"3,156.42","3,171.91","3,198.01","3,149.46",797.26M
2021- 05- 20,"3,162.28","3,174.53","3,174.53","3,140.48",774.25M
2021- 05- 18,"3,173.05","3,135.38","3,176.40","3,135.38",786.14M
2021- 05- 17,"3,134.52","3,163.21","3,173.01","3,121.32",771.31M
2021- 05- 14,"3,153.32","3,131.35","3,162.31","3,131.35",836.40M
2021- 05- 13,"3,122.11","3,146.97","3,161.93","3,103.88",1.10B
2021- 05- 12,"3,161.66","3,209.36","3,212.83","3,138.04",1.42B
2021- 05- 11,"3,209.43","3,239.92","3,239.92","3,192.25",1.10B
2021- 05- 10,"3,249.30","3,201.46","3,255.90","3,201.46",1.01B
2021- 05- 07,"3,197.20","3,179.63","3,205.11","3,179.63",989.68M
2021- 05- 06,"3,178.74","3,147.72","3,178.74","3,133.64",1.24B
2021- 05- 04,"3,147.37","3,131.39","3,147.38","3,109.78",1.28B
2021- 05- 03,"3,127.20","3,149.05","3,174.26","3,120.70",1.04B
2021- 04- 30,"3,147.86","3,176.43","3,179.43","3,143.38",1.36B
2021- 04- 29,"3,174.07","3,184.75","3,200.41","3,161.06",1.22B
2021- 04- 28,"3,181.47","3,217.21","3,219.69","3,176.55",1.41B
2021- 04- 27,"3,215.42","3,218.30","3,223.05","3,203.25",1.53B
2021- 04- 26,"3,217.53","3,191.34","3,217.53","3,191.34",1.30B
2021- 04- 23,"3,186.10","3,173.47","3,188.70","3,146.54",2.25B
2021- 04- 22,"3,177.52","3,174.52","3,196.97","3,174.52",1.75B
2021- 04- 21,"3,171.66","3,214.24","3,214.24","3,165.49",1.77B
2021- 04- 20,"3,220.70","3,198.31","3,220.82","3,195.96",1.30B
2021- 04- 19,"3,198.84","3,201.11","3,214.45","3,193.40",1.06B
2021- 04- 16,"3,198.62","3,194.08","3,206.76","3,185.67",985.28M
2021- 04- 15,"3,194.33","3,180.73","3,204.48","3,178.99",1.31B
2021- 04- 14,"3,182.38","3,169.95","3,188.32","3,162.12",1.78B
2021- 04- 13,"3,169.08","3,138.21","3,173.26","3,136.99",1.74B
2021- 04- 12,"3,135.59","3,134.88","3,147.27","3,127.91",1.05B
2021- 04- 09,"3,131.88","3,146.51","3,156.04","3,125.24",1.82B
2021- 04- 08,"3,143.26","3,137.25","3,145.81","3,122.09",1.36B
2021- 04- 07,"3,137.41","3,129.07","3,146.19","3,125.33",1.98B
2021- 04- 06,"3,127.08","3,123.80","3,139.29","3,110.19",1.28B
2021- 04- 05,"3,120.83","3,121.23","3,127.20","3,101.86",1.08B
2021- 04- 02,"3,112.80","3,104.72","3,121.58","3,101.60",792.70M
2021- 04- 01,"3,087.40","3,073.77","3,090.88","3,069.68",922.68M
2021- 03- 31,"3,061.42","3,073.39","3,093.89","3,061.40",1.15B
2021- 03- 30,"3,070.00","3,038.44","3,074.57","3,038.44",1.02B
2021- 03- 29,"3,036.04","3,047.71","3,054.21","3,025.39",1.29B
2021- 03- 26,"3,041.01","3,012.79","3,041.86","3,012.79",1.04B
2021- 03- 25,"3,008.33","2,995.67","3,024.63","2,987.83",940.35M
2021- 03- 24,"2,996.35","2,996.32","3,006.54","2,971.04",978.43M
2021- 03- 23,"3,004.74","3,038.25","3,058.79","3,003.05",1.33B
2021- 03- 22,"3,035.46","3,040.01","3,048.11","3,019.60",915.74M
2021- 03- 19,"3,039.53","3,063.01","3,063.01","3,022.49",1.07B
2021- 03- 18,"3,066.01","3,054.93","3,090.19","3,054.93",1.23B
2021- 03- 17,"3,047.50","3,067.76","3,069.57","3,027.20",814.99M
2021- 03- 16,"3,067.17","3,049.23","3,071.54","3,049.23",1.12B
2021- 03- 15,"3,045.71","3,057.06","3,065.17","3,036.14",1.16B
2021- 03- 12,"3,054.39","3,030.73","3,061.43","3,030.73",1.67B
2021- 03- 11,"3,013.70","2,964.30","3,028.37","2,964.30",1.35B
2021- 03- 10,"2,958.12","2,980.76","3,013.95","2,951.53",905.65M
2021- 03- 09,"2,976.12","2,989.96","3,000.49","2,929.36",1.53B
2021- 03- 08,"2,996.11","3,031.99","3,055.65","2,992.64",1.93B
2021- 03- 05,"3,026.26","3,036.16","3,036.98","2,982.45",1.19B
2021- 03- 04,"3,043.49","3,076.88","3,076.88","3,022.54",1.28B
2021- 03- 03,"3,082.99","3,041.20","3,083.04","3,029.37",2.24B
2021- 03- 02,"3,043.87","3,021.68","3,096.50","3,020.74",1.75B
2021- 02- 26,"3,012.95","3,089.49","3,089.49","2,988.28",1.36B
2021- 02- 25,"3,099.69","3,026.47","3,099.80","3,026.47",1.28B
2021- 02- 24,"2,994.98","3,070.58","3,092.05","2,993.46",1.56B
2021- 02- 23,"3,070.09","3,069.26","3,094.29","3,035.46",2.36B
2021- 02- 22,"3,079.75","3,114.03","3,142.48","3,079.16",1.83B
2021- 02- 19,"3,107.62","3,089.96","3,109.67","3,040.28",3.46B
2021- 02- 18,"3,086.66","3,131.74","3,140.40","3,086.66",1.86B
2021- 02- 17,"3,133.73","3,162.95","3,162.95","3,115.48",1.78B
2021- 02- 16,"3,163.25","3,151.85","3,180.94","3,145.84",1.94B
2021- 02- 15,"3,147.00","3,108.70","3,156.56","3,108.70",1.60B
2021- 02- 10,"3,100.58","3,088.13","3,111.88","3,064.25",2.15B
2021- 02- 09,"3,084.67","3,102.25","3,129.66","3,084.67",2.15B
2021- 02- 08,"3,091.24","3,113.63","3,128.54","3,085.59",1.28B
2021- 02- 05,"3,120.63","3,098.49","3,124.62","3,081.78",1.19B
2021- 02- 04,"3,087.55","3,135.02","3,135.02","3,068.46",1.46B
2021- 02- 03,"3,129.68","3,108.42","3,142.26","3,091.85",901.79M
2021- 02- 02,"3,096.81","3,065.56","3,138.95","3,065.56",887.31M
2021- 02- 01,"3,056.53","2,976.81","3,056.87","2,947.24",969.26M
2021- 01- 29,"2,976.21","3,078.73","3,100.22","2,962.70",995.07M
2021- 01- 28,"3,069.05","3,114.98","3,114.98","3,046.64",1.31B
2021- 01- 27,"3,122.56","3,143.46","3,182.53","3,118.89",924.58M
2021- 01- 26,"3,140.31","3,203.96","3,209.18","3,132.67",873.02M
2021- 01- 25,"3,208.99","3,144.01","3,212.22","3,142.80",1.09B
2021- 01- 22,"3,140.63","3,163.83","3,185.26","3,140.60",1.11B
2021- 01- 21,"3,160.84","3,123.27","3,163.21","3,123.27",1.36B
2021- 01- 20,"3,114.55","3,115.04","3,145.01","3,077.15",1.19B
2021- 01- 19,"3,092.66","3,013.05","3,107.00","3,011.32",1.35B
2021- 01- 18,"3,013.93","3,079.90","3,079.90","3,003.89",1.47B
2021- 01- 15,"3,085.90","3,153.84","3,189.90","3,085.90",1.33B
2021- 01- 14,"3,149.93","3,148.65","3,159.03","3,128.72",1.23B
2021- 01- 13,"3,148.29","3,128.26","3,164.37","3,109.63",1.58B
2021- 01- 12,"3,125.95","3,145.87","3,154.79","3,047.56",1.39B
2021- 01- 11,"3,148.45","3,161.90","3,266.23","3,096.19",1.71B
2021- 01- 08,"3,152.18","3,040.11","3,161.11","3,040.11",1.30B
2021- 01- 07,"3,031.68","2,980.75","3,055.28","2,980.75",1.52B
2021- 01- 06,"2,968.21","2,993.34","3,027.16","2,961.37",1.79B
2021- 01- 05,"2,990.57","2,943.67","2,990.57","2,921.84",1.52B
2021- 01- 04,"2,944.45","2,874.50","2,946.54","2,869.11",1.03B
2020- 12- 30,"2,873.47","2,820.36","2,878.21","2,809.35",1.07B
2020- 12- 29,"2,820.51","2,810.55","2,823.44","2,792.06",1.05B
2020- 12- 28,"2,808.60","2,820.95","2,834.59","2,799.56",1.01B
2020- 12- 24,"2,806.86","2,762.60","2,812.16","2,762.60",1.03B
2020- 12- 23,"2,759.82","2,737.74","2,769.08","2,716.28",1.12B
2020- 12- 22,"2,733.68","2,772.03","2,774.22","2,733.64",1.26B
2020- 12- 21,"2,778.65","2,771.98","2,780.24","2,747.09",1.14B
2020- 12- 18,"2,772.18","2,770.95","2,782.15","2,762.80",1.06B
2020- 12- 17,"2,770.43","2,769.89","2,772.71","2,742.25",1.02B
2020- 12- 16,"2,771.79","2,763.64","2,781.08","2,761.50",1.17B
2020- 12- 15,"2,756.82","2,763.65","2,769.37","2,735.08",1.09B
2020- 12- 14,"2,762.20","2,769.43","2,782.79","2,755.29",1.11B
2020- 12- 11,"2,770.06","2,754.16","2,781.04","2,754.16",1.22B
2020- 12- 10,"2,746.46","2,750.34","2,765.46","2,718.70",1.23B
2020- 12- 09,"2,755.47","2,703.30","2,755.47","2,703.30",1.25B
2020- 12- 08,"2,700.93","2,745.13","2,747.45","2,700.92",1.42B
2020- 12- 07,"2,745.44","2,738.11","2,754.01","2,711.42",1.50B
2020- 12- 04,"2,731.45","2,705.34","2,742.77","2,705.34",1.78B
2020- 12- 03,"2,696.22","2,686.38","2,696.22","2,672.85",817.07M
2020- 12- 02,"2,675.90","2,645.88","2,677.26","2,644.53",1.08B
2020- 12- 01,"2,634.25","2,613.42","2,638.87","2,611.67",1.15B
2020- 11- 30,"2,591.34","2,648.05","2,648.66","2,591.34",1.31B
2020- 11- 27,"2,633.45","2,624.80","2,635.00","2,618.47",1.20B
2020- 11- 26,"2,625.91","2,605.73","2,625.97","2,592.43",1.39B
2020- 11- 25,"2,601.54","2,637.34","2,642.26","2,583.41",1.41B
2020- 11- 24,"2,617.76","2,616.28","2,628.52","2,605.03",1.36B
2020- 11- 23,"2,602.59","2,560.04","2,605.58","2,553.70",1.65B
2020- 11- 20,"2,553.50","2,544.06","2,558.21","2,539.79",1.13B
2020- 11- 19,"2,547.42","2,536.89","2,548.95","2,529.53",976.48M
2020- 11- 18,"2,545.64","2,548.85","2,553.95","2,536.78",923.50M
2020- 11- 17,"2,539.15","2,544.12","2,556.09","2,533.34",1.27B
2020- 11- 16,"2,543.03","2,507.46","2,546.37","2,507.46",1.24B
2020- 11- 13,"2,493.87","2,470.12","2,495.77","2,460.96",1.07B
2020- 11- 12,"2,475.62","2,482.68","2,488.79","2,467.04",1.28B
2020- 11- 11,"2,485.87","2,459.50","2,488.04","2,459.50",1.27B
2020- 11- 10,"2,452.83","2,453.95","2,457.94","2,435.59",1.46B
2020- 11- 09,"2,447.20","2,438.63","2,459.15","2,434.52",1.35B
2020- 11- 06,"2,416.50","2,421.79","2,431.11","2,404.97",825.57M
2020- 11- 05,"2,413.79","2,373.41","2,413.79","2,370.85",702.04M
2020- 11- 04,"2,357.32","2,361.32","2,371.14","2,339.95",986.79M
2020- 11- 03,"2,343.31","2,315.81","2,344.77","2,315.30",887.44M
2020- 11- 02,"2,300.16","2,276.61","2,302.64","2,267.95",678.50M
2020- 10- 30,"2,267.15","2,319.56","2,320.20","2,266.93",795.59M
2020- 10- 29,"2,326.67","2,312.34","2,330.17","2,299.91",509.77M
2020- 10- 28,"2,345.26","2,324.18","2,345.46","2,316.47",705.77M
2020- 10- 27,"2,330.84","2,328.66","2,349.33","2,321.23",666.94M
2020- 10- 26,"2,343.91","2,366.50","2,374.50","2,342.58",822.27M
2020- 10- 23,"2,360.81","2,364.84","2,368.57","2,344.49",890.38M
2020- 10- 22,"2,355.05","2,355.61","2,360.22","2,339.73",815.61M
2020- 10- 21,"2,370.86","2,363.03","2,371.74","2,356.32",812.84M
2020- 10- 20,"2,358.41","2,333.56","2,358.41","2,322.06",874.29M
2020- 10- 19,"2,346.74","2,352.92","2,364.25","2,344.77",931.64M
2020- 10- 16,"2,341.53","2,363.88","2,370.73","2,325.03",920.20M
2020- 10- 15,"2,361.21","2,375.91","2,376.73","2,348.74",1.17B
2020- 10- 14,"2,380.48","2,403.74","2,405.56","2,375.54",901.18M
2020- 10- 13,"2,403.15","2,416.85","2,418.89","2,385.87",724.92M
2020- 10- 12,"2,403.73","2,404.18","2,409.42","2,393.74",843.57M
2020- 10- 08,"2,391.96","2,408.49","2,409.01","2,383.82",961.73M
2020- 10- 07,"2,386.94","2,350.82","2,387.45","2,347.82",737.99M
2020- 10- 06,"2,365.90","2,369.17","2,378.28","2,355.39",861.75M
2020- 10- 05,"2,358.00","2,330.55","2,364.73","2,327.83",763.62M
2020- 09- 29,"2,327.89","2,331.51","2,339.83","2,320.04",646.22M
2020- 09- 28,"2,308.08","2,301.16","2,314.81","2,291.32",605.98M
2020- 09- 25,"2,278.79","2,295.19","2,296.36","2,267.63",697.96M
2020- 09- 24,"2,272.70","2,295.62","2,309.74","2,268.88",714.88M
2020- 09- 23,"2,333.24","2,352.56","2,354.46","2,287.44",735.04M
2020- 09- 22,"2,332.59","2,388.14","2,388.49","2,323.58",1.05B
2020- 09- 21,"2,389.39","2,412.44","2,427.17","2,379.38",1.04B
2020- 09- 18,"2,412.40","2,413.53","2,417.81","2,396.33",756.52M
2020- 09- 17,"2,406.17","2,430.77","2,437.02","2,398.69",853.74M
2020- 09- 16,"2,435.92","2,442.72","2,450.53","2,429.94",772.94M
2020- 09- 15,"2,443.58","2,434.59","2,444.57","2,423.79",849.97M
2020- 09- 14,"2,427.91","2,418.33","2,429.07","2,410.79",963.08M
2020- 09- 11,"2,396.69","2,389.76","2,397.56","2,374.00",882.88M
2020- 09- 10,"2,396.48","2,404.83","2,406.68","2,388.56",1.06B
2020- 09- 09,"2,375.81","2,372.53","2,388.85","2,369.12",946.25M
2020- 09- 08,"2,401.91","2,402.66","2,407.56","2,391.43",979.36M
2020- 09- 07,"2,384.22","2,369.85","2,387.49","2,362.42",1.20B
2020- 09- 04,"2,368.25","2,332.68","2,371.02","2,332.68",1.35B
2020- 09- 03,"2,395.90","2,383.26","2,401.78","2,382.23",981.55M
2020- 09- 02,"2,364.37","2,363.43","2,369.57","2,341.29",1.43B
2020- 09- 01,"2,349.55","2,340.19","2,355.90","2,331.23",1.09B
2020- 08- 31,"2,326.17","2,377.09","2,381.50","2,326.06",1.65B
2020- 08- 28,"2,353.80","2,362.22","2,379.26","2,345.28",1.30B
2020- 08- 27,"2,344.45","2,371.95","2,373.36","2,344.38",913.92M
2020- 08- 26,"2,369.32","2,367.74","2,374.68","2,336.98",956.48M
2020- 08- 25,"2,366.73","2,352.15","2,369.78","2,340.97",771.58M
2020- 08- 24,"2,329.83","2,309.38","2,332.33","2,283.48",649.28M
2020- 08- 21,"2,304.59","2,306.16","2,329.34","2,280.97",865.73M
2020- 08- 20,"2,274.22","2,339.91","2,357.08","2,270.85",903.74M
2020- 08- 19,"2,360.54","2,370.87","2,380.10","2,353.17",637.96M
2020- 08- 18,"2,348.24","2,405.84","2,419.65","2,336.78",909.75M
2020- 08- 14,"2,407.49","2,427.85","2,435.00","2,383.69",968.12M
2020- 08- 13,"2,437.53","2,455.28","2,458.17","2,412.49",907.22M
2020- 08- 12,"2,432.35","2,414.78","2,432.35","2,393.27",763.73M
2020- 08- 11,"2,418.67","2,396.11","2,429.36","2,396.11",843.44M
2020- 08- 10,"2,386.38","2,353.92","2,390.51","2,349.33",784.62M
2020- 08- 07,"2,351.67","2,349.25","2,362.24","2,333.62",812.59M
2020- 08- 06,"2,342.61","2,322.64","2,352.48","2,322.64",797.15M
2020- 08- 05,"2,311.86","2,289.23","2,312.14","2,283.95",841.30M
2020- 08- 04,"2,279.97","2,272.33","2,284.66","2,269.69",722.91M
2020- 08- 03,"2,251.04","2,251.65","2,254.38","2,237.04",648.46M
2020- 07- 31,"2,249.37","2,278.53","2,281.41","2,248.49",739.69M
2020- 07- 30,"2,267.01","2,275.33","2,281.33","2,263.81",713.04M
2020- 07- 29,"2,263.16","2,258.35","2,276.79","2,252.24",899.49M
2020- 07- 28,"2,256.99","2,238.19","2,266.00","2,237.21",866.72M
2020- 07- 27,"2,217.86","2,203.48","2,231.25","2,203.48",928.62M
2020- 07- 24,"2,200.44","2,196.73","2,219.57","2,195.49",1.00B
2020- 07- 23,"2,216.19","2,227.24","2,227.24","2,202.99",934.54M
2020- 07- 22,"2,228.66","2,228.20","2,238.86","2,221.62",856.22M
2020- 07- 21,"2,228.83","2,219.19","2,234.86","2,214.28",918.48M
2020- 07- 20,"2,198.20","2,209.59","2,209.59","2,183.83",686.82M
2020- 07- 17,"2,201.19","2,187.85","2,204.20","2,187.85",569.30M
2020- 07- 16,"2,183.76","2,203.30","2,207.34","2,177.82",784.64M
2020- 07- 15,"2,201.88","2,208.73","2,216.97","2,190.66",830.27M
2020- 07- 14,"2,183.61","2,176.43","2,183.61","2,165.60",810.95M
2020- 07- 13,"2,186.06","2,170.51","2,188.80","2,163.07",650.23M
2020- 07- 10,"2,150.25","2,171.44","2,171.52","2,140.29",886.99M
2020- 07- 09,"2,167.90","2,171.15","2,181.48","2,166.74",619.37M
2020- 07- 08,"2,158.88","2,166.76","2,173.83","2,150.89",677.81M
2020- 07- 07,"2,164.17","2,202.04","2,206.79","2,164.03",847.43M
2020- 07- 06,"2,187.93","2,158.95","2,191.28","2,157.71",666.90M
2020- 07- 03,"2,152.41","2,147.89","2,153.54","2,135.30",770.05M
2020- 07- 02,"2,135.37","2,116.72","2,135.37","2,113.98",1.09B
2020- 07- 01,"2,106.70","2,128.81","2,133.55","2,101.33",1.12B
2020- 06- 30,"2,108.33","2,124.38","2,134.38","2,108.26",708.60M
2020- 06- 29,"2,093.48","2,105.54","2,120.50","2,087.84",643.16M
2020- 06- 26,"2,134.65","2,137.47","2,142.04","2,115.25",761.04M
2020- 06- 25,"2,112.37","2,130.45","2,143.33","2,112.37",1.02B
2020- 06- 24,"2,161.51","2,145.93","2,171.86","2,143.91",913.90M
2020- 06- 23,"2,131.24","2,149.13","2,158.15","2,110.51",917.57M
2020- 06- 22,"2,126.73","2,126.38","2,142.88","2,122.10",789.37M
2020- 06- 19,"2,141.32","2,153.09","2,153.57","2,108.91",1.08B
2020- 06- 18,"2,133.48","2,134.35","2,145.13","2,120.29",767.18M
2020- 06- 17,"2,141.05","2,133.18","2,154.37","2,105.26",927.52M
2020- 06- 16,"2,138.05","2,091.09","2,138.08","2,079.02",973.64M
2020- 06- 15,"2,030.82","2,114.41","2,129.67","2,030.82",1.07B
2020- 06- 12,"2,132.30","2,088.24","2,137.12","2,084.63",689.90M
2020- 06- 11,"2,176.78","2,184.36","2,200.72","2,148.51",827.38M
2020- 06- 10,"2,195.69","2,187.91","2,200.68","2,178.12",706.29M
2020- 06- 09,"2,188.92","2,206.23","2,212.17","2,166.01",817.08M
2020- 06- 08,"2,184.29","2,215.60","2,217.21","2,174.96",854.04M
2020- 06- 05,"2,181.87","2,151.17","2,187.25","2,138.18",854.59M
2020- 06- 04,"2,151.18","2,181.64","2,191.00","2,139.68",1.39B
2020- 06- 03,"2,147.00","2,108.55","2,156.55","2,107.69",1.15B
2020- 06- 02,"2,087.19","2,061.45","2,089.43","2,059.14",1.00B
2020- 06- 01,"2,065.08","2,037.04","2,065.38","2,035.63",997.35M
2020- 05- 29,"2,029.60","2,018.37","2,038.89","2,006.62",1.09B
2020- 05- 28,"2,028.54","2,047.08","2,054.52","2,003.75",1.17B
2020- 05- 27,"2,031.20","2,027.90","2,043.44","2,019.82",1.18B
2020- 05- 26,"2,029.78","2,001.00","2,029.89","1,997.94",1.02B
2020- 05- 25,"1,994.60","1,980.51","1,994.90","1,967.84",641.46M
2020- 05- 22,"1,970.13","2,001.60","2,002.65","1,961.40",847.47M
2020- 05- 21,"1,998.31","2,003.20","2,004.95","1,993.00",601.20M
2020- 05- 20,"1,989.64","1,972.12","1,992.20","1,972.12",699.45M
2020- 05- 19,"1,980.61","1,977.47","1,983.77","1,968.59",773.41M
2020- 05- 18,"1,937.11","1,934.51","1,943.07","1,921.14",761.69M
2020- 05- 15,"1,927.28","1,937.63","1,938.59","1,913.21",866.36M
2020- 05- 14,"1,924.96","1,922.44","1,931.43","1,913.49",760.65M
2020- 05- 13,"1,940.42","1,897.50","1,940.42","1,897.24",618.78M
2020- 05- 12,"1,922.17","1,938.62","1,938.62","1,905.17",799.93M
2020- 05- 11,"1,935.40","1,953.51","1,960.46","1,932.87",591.28M
2020- 05- 08,"1,945.82","1,944.94","1,956.89","1,942.54",784.77M
2020- 05- 07,"1,928.61","1,922.00","1,938.50","1,918.57",775.66M
2020- 05- 06,"1,928.76","1,919.45","1,928.76","1,902.55",1.08B
2020- 05- 04,"1,895.37","1,906.42","1,918.66","1,894.29",1.15B
2020- 04- 29,"1,947.56","1,936.89","1,957.51","1,934.31",1.98B
2020- 04- 28,"1,934.09","1,931.25","1,941.79","1,911.63",1.17B
2020- 04- 27,"1,922.77","1,897.06","1,929.82","1,894.62",735.66M
2020- 04- 24,"1,889.01","1,906.07","1,908.29","1,880.71",933.92M
2020- 04- 23,"1,914.73","1,907.45","1,923.53","1,895.98",683.72M
2020- 04- 22,"1,896.15","1,855.51","1,897.90","1,844.85",820.36M
2020- 04- 21,"1,879.38","1,886.78","1,898.32","1,841.66",1.17B
2020- 04- 20,"1,898.36","1,908.34","1,925.25","1,893.17",1.09B
2020- 04- 17,"1,914.53","1,893.31","1,926.02","1,893.19",1.67B
2020- 04- 16,"1,857.07","1,839.51","1,862.23","1,828.13",878.34M
2020- 04- 14,"1,857.08","1,846.41","1,864.46","1,837.17",886.77M
2020- 04- 13,"1,825.76","1,853.30","1,853.30","1,825.76",1.02B
2020- 04- 10,"1,860.70","1,835.76","1,861.10","1,824.43",992.55M
2020- 04- 09,"1,836.21","1,838.09","1,839.33","1,818.30",920.57M
2020- 04- 08,"1,807.14","1,815.75","1,842.16","1,801.80",907.49M
2020- 04- 07,"1,823.60","1,826.72","1,838.97","1,791.92",951.74M
2020- 04- 06,"1,791.88","1,745.25","1,794.19","1,742.67",1.22B
2020- 04- 03,"1,725.44","1,731.17","1,743.91","1,706.68",1.00B
2020- 04- 02,"1,724.86","1,693.53","1,726.76","1,664.13",766.31M
2020- 04- 01,"1,685.46","1,737.28","1,762.44","1,685.37",1.24B
2020- 03- 31,"1,754.64","1,739.29","1,757.81","1,722.62",1.04B
2020- 03- 30,"1,717.12","1,670.34","1,729.63","1,659.95",767.78M
2020- 03- 27,"1,717.73","1,756.07","1,759.05","1,668.21",1.08B
2020- 03- 26,"1,686.24","1,699.11","1,735.75","1,679.23",992.47M
2020- 03- 25,"1,704.76","1,668.19","1,707.64","1,645.28",872.81M
2020- 03- 24,"1,609.97","1,523.69","1,609.97","1,508.68",679.29M
2020- 03- 23,"1,482.46","1,474.45","1,516.75","1,458.41",647.53M
2020- 03- 20,"1,566.15","1,498.49","1,566.82","1,466.48",817.02M
2020- 03- 19,"1,457.64","1,626.09","1,626.09","1,439.43",977.67M
2020- 03- 18,"1,591.20","1,686.12","1,693.95","1,591.12",728.01M
2020- 03- 17,"1,672.44","1,640.84","1,722.97","1,637.88",649.78M
2020- 03- 16,"1,714.86","1,805.43","1,805.43","1,714.38",682.00M
2020- 03- 13,"1,771.44","1,722.68","1,809.31","1,680.60",1.04B
2020- 03- 12,"1,834.33","1,887.97","1,897.23","1,808.56",850.34M
2020- 03- 11,"1,908.27","1,965.67","1,967.70","1,898.27",679.72M
2020- 03- 10,"1,962.93","1,942.85","1,968.17","1,934.72",638.56M
2020- 03- 09,"1,954.77","1,981.02","1,989.50","1,946.90",666.87M
2020- 03- 06,"2,040.22","2,053.09","2,062.57","2,032.13",865.59M
2020- 03- 05,"2,085.26","2,078.11","2,089.08","2,059.99",675.20M
2020- 03- 04,"2,059.33","2,005.81","2,063.59","2,005.81",606.29M
2020- 03- 03,"2,014.15","2,051.85","2,051.85","2,009.39",615.69M
2020- 03- 02,"2,002.51","1,997.03","2,017.07","1,969.34",528.10M
2020- 02- 28,"1,987.01","2,020.17","2,031.01","1,980.82",671.55M
2020- 02- 27,"2,054.89","2,073.87","2,085.40","2,049.15",562.77M
2020- 02- 26,"2,076.77","2,064.07","2,089.64","2,059.13",810.94M
2020- 02- 25,"2,103.61","2,075.55","2,105.49","2,071.50",1.57B
2020- 02- 24,"2,079.04","2,114.04","2,120.06","2,079.03",948.62M
2020- 02- 21,"2,162.84","2,165.65","2,184.43","2,160.28",635.47M
2020- 02- 20,"2,195.50","2,223.55","2,228.18","2,186.72",709.56M
2020- 02- 19,"2,210.34","2,222.51","2,226.00","2,191.20",591.16M
2020- 02- 18,"2,208.88","2,225.98","2,232.93","2,205.21",470.42M
2020- 02- 17,"2,242.17","2,243.07","2,250.05","2,230.26",458.25M
2020- 02- 14,"2,243.59","2,232.71","2,251.50","2,221.90",597.22M
2020- 02- 13,"2,232.96","2,245.72","2,255.49","2,230.30",638.67M
2020- 02- 12,"2,238.38","2,225.95","2,242.24","2,214.77",632.46M
2020- 02- 11,"2,223.12","2,213.50","2,233.32","2,211.25",526.21M
2020- 02- 10,"2,201.07","2,185.63","2,203.39","2,180.51",609.57M
2020- 02- 07,"2,211.95","2,221.49","2,223.92","2,198.14",800.34M
2020- 02- 06,"2,227.94","2,184.77","2,229.99","2,182.25",695.22M
2020- 02- 05,"2,165.63","2,177.26","2,181.52","2,154.88",574.40M
2020- 02- 04,"2,157.90","2,121.22","2,162.32","2,120.53",624.64M
2020- 02- 03,"2,118.88","2,086.61","2,126.73","2,082.74",836.70M
2020- 01- 31,"2,119.01","2,160.60","2,167.23","2,119.01",710.51M
2020- 01- 30,"2,148.00","2,181.54","2,187.45","2,139.72",602.84M
2020- 01- 29,"2,185.28","2,188.18","2,195.45","2,172.33",692.30M
2020- 01- 28,"2,176.72","2,192.22","2,199.93","2,166.23",808.88M
2020- 01- 23,"2,246.13","2,254.54","2,260.63","2,241.94",509.61M
2020- 01- 22,"2,267.25","2,238.53","2,269.27","2,235.13",608.51M
2020- 01- 21,"2,239.69","2,259.81","2,266.31","2,238.25",770.32M
2020- 01- 20,"2,262.64","2,261.40","2,277.23","2,258.09",545.49M
2020- 01- 17,"2,250.57","2,261.57","2,268.71","2,245.58",580.82M
2020- 01- 16,"2,248.05","2,231.93","2,249.09","2,225.41",808.33M
2020- 01- 15,"2,230.98","2,229.80","2,238.21","2,223.39",746.16M
2020- 01- 14,"2,238.88","2,243.06","2,250.79","2,232.94",835.90M
2020- 01- 13,"2,229.26","2,204.49","2,230.43","2,204.49",488.29M
2020- 01- 10,"2,206.39","2,189.48","2,206.92","2,188.10",594.54M
2020- 01- 09,"2,186.45","2,182.20","2,186.45","2,172.16",592.60M
2020- 01- 08,"2,151.31","2,156.27","2,162.32","2,137.72",913.83M
2020- 01- 07,"2,175.54","2,166.60","2,181.62","2,164.27",568.24M
2020- 01- 06,"2,155.07","2,154.97","2,164.42","2,149.95",592.67M
2020- 01- 03,"2,176.46","2,192.58","2,203.38","2,165.39",631.56M
2020- 01- 02,"2,175.17","2,201.21","2,202.32","2,171.84",494.68M
